#
# A fatal error has been detected by the Java Runtime Environment:
#
#  EXCEPTION_IN_PAGE_ERROR (0xc0000006) at pc=0x00007ffbe7c36920, pid=30376, tid=36028
#
# JRE version: Java(TM) SE Runtime Environment (24.0.2+12) (build 24.0.2+12-54)
# Java VM: Java HotSpot(TM) 64-Bit Server VM (24.0.2+12-54, mixed mode, sharing, tiered, compressed oops, compressed class ptrs, g1 gc, windows-amd64)
# Problematic frame:
# V  [jvm.dll+0x626920]
#
# No core dump will be written. Minidumps are not enabled by default on client versions of Windows
#
# If you would like to submit a bug report, please visit:
#   https://bugreport.java.com/bugreport/crash.jsp
#

---------------  S U M M A R Y ------------

Command Line: --add-opens=java.base/java.lang=ALL-UNNAMED --add-opens=java.base/java.lang.invoke=ALL-UNNAMED --add-opens=java.base/java.util=ALL-UNNAMED --add-opens=java.prefs/java.util.prefs=ALL-UNNAMED --add-exports=jdk.compiler/com.sun.tools.javac.api=ALL-UNNAMED --add-exports=jdk.compiler/com.sun.tools.javac.util=ALL-UNNAMED --add-opens=java.base/java.util=ALL-UNNAMED --add-opens=java.prefs/java.util.prefs=ALL-UNNAMED --add-opens=java.base/java.nio.charset=ALL-UNNAMED --add-opens=java.base/java.net=ALL-UNNAMED --add-opens=java.base/java.util.concurrent.atomic=ALL-UNNAMED --add-opens=java.xml/javax.xml.namespace=ALL-UNNAMED --enable-native-access=ALL-UNNAMED -Xmx4096M -Dfile.encoding=UTF-8 -Duser.country=US -Duser.language=en -Duser.variant -javaagent:C:\Users\bogda\.gradle\wrapper\dists\gradle-8.14.3-bin\cv11ve7ro1n3o1j4so8xd9n66\gradle-8.14.3\lib\agents\gradle-instrumentation-agent-8.14.3.jar org.gradle.launcher.daemon.bootstrap.GradleDaemon 8.14.3

Host: 13th Gen Intel(R) Core(TM) i5-13600KF, 20 cores, 63G,  Windows 11 , 64 bit Build 26100 (10.0.26100.5074)
Time: Wed Sep 24 01:44:38 2025 Qyzylorda Standard Time elapsed time: 1552.330738 seconds (0d 0h 25m 52s)

---------------  T H R E A D  ---------------

Current thread (0x000002bcedd8d830):  JavaThread "Exec process Thread 4"        [_thread_in_vm, id=36028, stack(0x000000f7fd500000,0x000000f7fd600000) (1024K)]

Stack: [0x000000f7fd500000,0x000000f7fd600000],  sp=0x000000f7fd5fe5a0,  free space=1017k
Native frames: (J=compiled Java code, j=interpreted, Vv=VM code, C=native code)
V  [jvm.dll+0x626920]  (no source info available)
V  [jvm.dll+0x625881]  (no source info available)
V  [jvm.dll+0x7a0f40]  (no source info available)
C  0x000002bcdaff9289  (no source info available)

The last pc belongs to C2 Runtime complete_monitor_locking (printed below).
Java frames: (J=compiled Java code, j=interpreted, Vv=VM code)
v  ~RuntimeStub::C2 Runtime complete_monitor_locking 0x000002bcdaff9289
J 6129 c2 org.gradle.internal.logging.text.StreamingStyledTextOutput.doAppend(Ljava/lang/String;)V (11 bytes) @ 0x000002bcdb90e6a0 [0x000002bcdb90c420+0x0000000000002280]
J 15455 c2 org.gradle.internal.logging.text.AbstractStyledTextOutput.text(Ljava/lang/Object;)Lorg/gradle/internal/logging/text/StyledTextOutput; (19 bytes) @ 0x000002bcdbc5ff6c [0x000002bcdbc5ff20+0x000000000000004c]
j  org.gradle.internal.logging.console.StyledTextOutputBackedRenderer$OutputEventTextOutputImpl.doLineText(Ljava/lang/CharSequence;)V+5
j  org.gradle.internal.logging.text.AbstractLineChoppingStyledTextOutput$StateContext.flushLineText()V+109
J 18085 c2 org.gradle.internal.logging.text.AbstractLineChoppingStyledTextOutput.doAppend(Ljava/lang/String;)V (43 bytes) @ 0x000002bcdbb8b9fc [0x000002bcdbb8af40+0x0000000000000abc]
J 15455 c2 org.gradle.internal.logging.text.AbstractStyledTextOutput.text(Ljava/lang/Object;)Lorg/gradle/internal/logging/text/StyledTextOutput; (19 bytes) @ 0x000002bcdbc5ff6c [0x000002bcdbc5ff20+0x000000000000004c]
J 15714 c2 org.gradle.internal.logging.sink.OutputEventRenderer$LazyListener.onOutput(Lorg/gradle/internal/logging/events/OutputEvent;)V (95 bytes) @ 0x000002bcdbc82d04 [0x000002bcdbc81280+0x0000000000001a84]
J 15457 c2 java.lang.invoke.LambdaForm$MH+0x000002bc810d4000.invoke(Ljava/lang/Object;Ljava/lang/Object;Ljava/lang/Object;)Ljava/lang/Object; java.base@24.0.2 (61 bytes) @ 0x000002bcdbc602a4 [0x000002bcdbc60220+0x0000000000000084]
J 15322 c2 org.gradle.internal.dispatch.ReflectionDispatch.dispatch(Ljava/lang/Object;)V (9 bytes) @ 0x000002bcdbc51a60 [0x000002bcdbc511a0+0x00000000000008c0]
J 18123 c2 org.gradle.internal.event.AbstractBroadcastDispatch.dispatch(Lorg/gradle/internal/dispatch/MethodInvocation;Ljava/util/Iterator;)V (194 bytes) @ 0x000002bcdba209a0 [0x000002bcdba20860+0x0000000000000140]
J 53635 c2 org.gradle.internal.event.AbstractBroadcastDispatch.dispatch(Lorg/gradle/internal/dispatch/MethodInvocation;Ljava/util/List;)V (65 bytes) @ 0x000002bcdba9e8e0 [0x000002bcdba9e800+0x00000000000000e0]
J 53633 c1 org.gradle.internal.event.BroadcastDispatch$CompositeDispatch.dispatch(Ljava/lang/Object;)V (9 bytes) @ 0x000002bcd52ef654 [0x000002bcd52ef440+0x0000000000000214]
J 53636 c2 org.gradle.internal.event.ListenerBroadcast.dispatch(Ljava/lang/Object;)V (9 bytes) @ 0x000002bcdba9e4f4 [0x000002bcdba9e4a0+0x0000000000000054]
J 50804 c2 jdk.proxy1.$Proxy0.onOutput(Lorg/gradle/internal/logging/events/OutputEvent;)V jdk.proxy1 (33 bytes) @ 0x000002bcdb88d420 [0x000002bcdb88d0c0+0x0000000000000360]
J 51116 c1 org.gradle.internal.logging.sink.OutputEventTransformer.onOutput(Lorg/gradle/internal/logging/events/OutputEvent;)V (369 bytes) @ 0x000002bcd46c1dd4 [0x000002bcd46c1380+0x0000000000000a54]
J 52204 c2 org.gradle.internal.logging.sink.OutputEventListenerManager$1.onOutput(Lorg/gradle/internal/logging/events/OutputEvent;)V (33 bytes) @ 0x000002bcdbff6950 [0x000002bcdbff67c0+0x0000000000000190]
j  org.gradle.internal.logging.services.TextStreamOutputEventListener.onTextEvent(Lorg/gradle/internal/logging/events/StyledTextOutputEvent;)V+38
J 50802 c1 org.gradle.internal.logging.services.TextStreamOutputEventListener.onOutput(Lorg/gradle/internal/logging/events/OutputEvent;)V (45 bytes) @ 0x000002bcd4254a5c [0x000002bcd4254500+0x000000000000055c]
j  org.gradle.internal.logging.source.PrintStreamLoggingSystem$OutputEventDestination.onOutput(Ljava/lang/CharSequence;)V+41
j  org.gradle.internal.logging.source.PrintStreamLoggingSystem$1.text(Ljava/lang/String;)V+14
J 53632 c2 org.gradle.internal.io.LineBufferingOutputStream.write(I)V (59 bytes) @ 0x000002bcdba9d998 [0x000002bcdba9d820+0x0000000000000178]
j  java.io.OutputStream.write([BII)V+24 java.base@24.0.2
j  java.io.PrintStream.write([BII)V+16 java.base@24.0.2
J 52531 c2 org.apache.commons.io.output.ProxyOutputStream.write([BII)V (32 bytes) @ 0x000002bcdb79c430 [0x000002bcdb79bf80+0x00000000000004b0]
j  org.gradle.process.internal.streams.ExecOutputHandleRunner.writeBuffer([BI)V+7
j  org.gradle.process.internal.streams.ExecOutputHandleRunner.lambda$forwardContent$0([BI)Ljava/lang/Object;+3
j  org.gradle.process.internal.streams.ExecOutputHandleRunner$$Lambda+0x000002bc82605a60.call()Ljava/lang/Object;+12
j  org.gradle.internal.operations.CurrentBuildOperationRef.with(Lorg/gradle/internal/operations/BuildOperationRef;Lorg/gradle/internal/operations/CurrentBuildOperationRef$Callable;)Ljava/lang/Object;+11
j  org.gradle.process.internal.streams.ExecOutputHandleRunner.forwardContent()V+51
j  org.gradle.process.internal.streams.ExecOutputHandleRunner.run()V+1
J 13243 c2 org.gradle.internal.concurrent.ExecutorPolicy$CatchAndRecordFailures.onExecute(Ljava/lang/Runnable;)V (29 bytes) @ 0x000002bcdbb68964 [0x000002bcdbb68920+0x0000000000000044]
J 17257 c1 org.gradle.internal.concurrent.AbstractManagedExecutor$1.run()V (57 bytes) @ 0x000002bcd518dcdc [0x000002bcd518db00+0x00000000000001dc]
J 28616 c1 java.util.concurrent.ThreadPoolExecutor.runWorker(Ljava/util/concurrent/ThreadPoolExecutor$Worker;)V java.base@24.0.2 (187 bytes) @ 0x000002bcd514d5fc [0x000002bcd514c8a0+0x0000000000000d5c]
J 18816 c1 java.util.concurrent.ThreadPoolExecutor$Worker.run()V java.base@24.0.2 (9 bytes) @ 0x000002bcd4038bb4 [0x000002bcd4038aa0+0x0000000000000114]
J 18809 c1 java.lang.Thread.run()V java.base@24.0.2 (23 bytes) @ 0x000002bcd3c3b26c [0x000002bcd3c3afe0+0x000000000000028c]
v  ~StubRoutines::call_stub 0x000002bcdaee0fcd

siginfo: EXCEPTION_IN_PAGE_ERROR (0xc0000006), writing address 0x000002bcc9040050


Registers:
RAX=0x000002bccb1eef70, RBX=0x00000007015df778, RCX=0x000002bcc9040050, RDX=0x0000000000000008
RSP=0x000000f7fd5fe5a0, RBP=0x000000f7fd5fe600, RSI=0x000002bcedd8de88, RDI=0x000002bcf7707270
R8 =0x000002bcedd8deb8, R9 =0x00000007015df8d0, R10=0x0000000000000003, R11=0x0000000000000001
R12=0x0000000000000001, R13=0x000002bcedd8d830, R14=0x0000000000000010, R15=0x000002bcedd8de01
RIP=0x00007ffbe7c36920, EFLAGS=0x0000000000010202

XMM[0]=0x0000000000000000 0x0000000000000000
XMM[1]=0xff80ff80ff80ff80 0xff80ff80ff80ff80
XMM[2]=0x0000000000000000 0x0000000000000000
XMM[3]=0x0000000000000000 0x0000000000000000
XMM[4]=0x0000000000000000 0x00000000e300861a
XMM[5]=0x0000000000000000 0x0000000718043158
XMM[6]=0x0000000000000000 0x000d002900650073
XMM[7]=0x0000000000000000 0x00000000002c0ce0
XMM[8]=0x0000000000000000 0x0000000000000000
XMM[9]=0x0000000000000000 0x0000000000000000
XMM[10]=0x0000000000000000 0x0000000000000000
XMM[11]=0x0000000000000000 0x0000000000000000
XMM[12]=0x0000000000000000 0x0000000000000000
XMM[13]=0x0000000000000000 0x0000000000000000
XMM[14]=0x0000000000000000 0x0000000000000000
XMM[15]=0x0000000000000000 0x0000000000000000
  MXCSR=0x00001fa0


Register to memory mapping:

RAX=0x000002bccb1eef70 points into unknown readable memory: 0x00007ffbe80b2c28 | 28 2c 0b e8 fb 7f 00 00
RBX=0x00000007015df778 is an oop: java.io.PrintStream 
{0x00000007015df778} - klass: 'java/io/PrintStream' - flags: 

 - ---- fields (total size 5 words):
 - private volatile 'closed' 'Z' @12  false (0x00)
 - protected 'out' 'Ljava/io/OutputStream;' @16  a 'java/io/FileOutputStream'{0x00000007015df7a0} (0xe02bbef4)
 - private final 'closeLock' 'Ljava/lang/Object;' @20  a 'java/lang/Object'{0x00000007015df898} (0xe02bbf13)
 - private final 'autoFlush' 'Z' @13  true (0x01)
 - private 'trouble' 'Z' @14  false (0x00)
 - private 'closing' 'Z' @15  false (0x00)
 - private 'formatter' 'Ljava/util/Formatter;' @24  null (0x00000000)
 - private final 'charset' 'Ljava/nio/charset/Charset;' @28  a 'sun/nio/cs/UTF_8'{0x0000000700c25640} (0xe0184ac8)
 - private 'textOut' 'Ljava/io/BufferedWriter;' @32  a 'java/io/BufferedWriter'{0x00000007015df8a8} (0xe02bbf15)
 - private 'charOut' 'Ljava/io/OutputStreamWriter;' @36  a 'java/io/OutputStreamWriter'{0x00000007015df8d0} (0xe02bbf1a)
RCX=0x000002bcc9040050 is an unknown value
RDX=0x0000000000000008 is an unknown value
RSP=0x000000f7fd5fe5a0 is pointing into the stack for thread: 0x000002bcedd8d830
RBP=0x000000f7fd5fe600 is pointing into the stack for thread: 0x000002bcedd8d830
RSI=0x000002bcedd8de88 points into unknown readable memory: 0x4a01030100000680 | 80 06 00 00 01 03 01 4a
RDI=0x000002bcf7707270 points into unknown readable memory: 0x0000000000000011 | 11 00 00 00 00 00 00 00
R8 =0x000002bcedd8deb8 points into unknown readable memory: 0x00000007015df8d0 | d0 f8 5d 01 07 00 00 00
R9 =0x00000007015df8d0 is an oop: java.io.OutputStreamWriter 
{0x00000007015df8d0} - klass: 'java/io/OutputStreamWriter' - flags: 

 - ---- fields (total size 3 words):
 - private 'writeBuffer' '[C' @12  null (0x00000000)
 - protected 'lock' 'Ljava/lang/Object;' @16  a 'java/io/PrintStream'{0x00000007015df778} (0xe02bbeef)
 - private final 'se' 'Lsun/nio/cs/StreamEncoder;' @20  a 'sun/nio/cs/StreamEncoder'{0x00000007015df8e8} (0xe02bbf1d)
R10=0x0000000000000003 is an unknown value
R11=0x0000000000000001 is an unknown value
R12=0x0000000000000001 is an unknown value
R13=0x000002bcedd8d830 is a thread
R14=0x0000000000000010 is an unknown value
R15=0x000002bcedd8de01 points into unknown readable memory: 35 2f f3 bc 02 00 00

Top of Stack: (sp=0x000000f7fd5fe5a0)
0x000000f7fd5fe5a0:   00000007015df778 000002bcf7707270   x.].....prp.....
0x000000f7fd5fe5b0:   0000000000000001 00007ffbe7e56c32   ........2l......
0x000000f7fd5fe5c0:   0000000000000000 0000000000000000   ................
0x000000f7fd5fe5d0:   000002bcf6000000 00007ffbe82d4af0   .........J-.....
0x000000f7fd5fe5e0:   000002bce8960b80 0000000000000007   ................
0x000000f7fd5fe5f0:   000002bcedd8de88 000002bcf63513b8   ..........5.....
0x000000f7fd5fe600:   000002bcedd8d830 00000007015df800   0.........].....
0x000000f7fd5fe610:   0000000000000000 0000000000000000   ................
0x000000f7fd5fe620:   00000007180433d0 00007ffbe7c35881   .3.......X......
0x000000f7fd5fe630:   000000f7fd5fea88 000000f7fd5fe850   .._.....P._.....
0x000000f7fd5fe640:   00000007180433d0 000002bcedd8d830   .3......0.......
0x000000f7fd5fe650:   0000000000000000 0000000000000000   ................
0x000000f7fd5fe660:   0000000000000000 0000000200000000   ................
0x000000f7fd5fe670:   00000000000003e8 000002bc804a00d8   ..........J.....
0x000000f7fd5fe680:   000002bcc50cb390 000002bcedd8d830   ........0.......
0x000000f7fd5fe690:   000002bc804a6b28 0000001400000002   (kJ.............
0x000000f7fd5fe6a0:   0000000000000014 fffffffffffffc0c   ................
0x000000f7fd5fe6b0:   000002bc804a0090 0000000000000000   ..J.............
0x000000f7fd5fe6c0:   000002bcf63513c0 00007ffbe7c39306   ..5.............
0x000000f7fd5fe6d0:   000002bcedd8d830 00000007015df8d0   0.........].....
0x000000f7fd5fe6e0:   000002bcf483fa20 00000007015df778    .......x.].....
0x000000f7fd5fe6f0:   00000000e02bbf33 000000f7fd5fe850   3.+.....P._.....
0x000000f7fd5fe700:   000002bcedd8d830 00007ffbe7db0f40   0.......@.......
0x000000f7fd5fe710:   0000000000000000 000000f7fd5fe850   ........P._.....
0x000000f7fd5fe720:   00000007015df778 00007ffbe80950f8   x.]......P......
0x000000f7fd5fe730:   00000007015df998 000002bcdaff9289   ..].............
0x000000f7fd5fe740:   0000000000000688 00000000e02bbf1a   ..........+.....
0x000000f7fd5fe750:   000002bcf483fa20 000002bcf483fa30    .......0.......
0x000000f7fd5fe760:   00000007180433d0 000002bcdb90e6a0   .3..............
0x000000f7fd5fe770:   0000000000001ffe 000000f7fd5fe7e0   .........._.....
0x000000f7fd5fe780:   00000000000040e2 0000000000000002   .@..............
0x000000f7fd5fe790:   00000007180433d0 00000007017d0250   .3......P.}.....

Instructions: (pc=0x00007ffbe7c36920)
  0x00007ffbe7c36820:   45 33 c0 b2 1a b9 c8 00 00 00 48 85 c0 0f 85 51
  0x00007ffbe7c36830:   01 00 00 e8 68 81 a9 ff 48 85 c0 74 10 48 8b d3
  0x00007ffbe7c36840:   48 8b c8 e8 d8 af 0e 00 48 8b f8 eb 02 33 ff 49
  0x00007ffbe7c36850:   8b c6 49 8d b5 58 06 00 00 48 83 c8 01 48 89 07
  0x00007ffbe7c36860:   4d 85 ed 74 2e 8b 06 2b 05 43 55 61 00 48 c1 e8
  0x00007ffbe7c36870:   03 48 83 e8 01 78 1c 48 8d 4e 10 48 8d 0c c1 90
  0x00007ffbe7c36880:   48 39 19 0f 84 d8 00 00 00 48 83 e9 08 48 83 e8
  0x00007ffbe7c36890:   01 79 ed 48 c7 47 40 01 00 00 00 45 32 ff 48 8b
  0x00007ffbe7c368a0:   05 4b 03 66 00 48 85 c0 74 18 41 b9 01 00 00 00
  0x00007ffbe7c368b0:   45 33 c0 48 8d 0d b6 e1 45 00 48 8b d7 e8 ee e7
  0x00007ffbe7c368c0:   ff ff 48 8b cf 49 8b c6 48 83 c9 02 f0 48 0f b1
  0x00007ffbe7c368d0:   0b 0f 85 e8 00 00 00 45 84 ff 74 15 48 8b d3 48
  0x00007ffbe7c368e0:   8b ce e8 39 0a 00 00 48 ff c8 48 89 87 88 00 00
  0x00007ffbe7c368f0:   00 48 8b d7 48 8d 0d c5 b4 6a 00 e8 30 c9 21 00
  0x00007ffbe7c36900:   48 83 3d 08 e6 69 00 00 74 19 0f b6 05 17 27 6a
  0x00007ffbe7c36910:   00 84 c0 74 0e 48 8b 05 f4 e5 69 00 48 8b 48 28
=>0x00007ffbe7c36920:   48 ff 01 48 8b 4d 48 45 8b c4 48 8b d3 e8 1e 06
  0x00007ffbe7c36930:   00 00 80 3d 90 30 67 00 00 0f 84 08 01 00 00 48
  0x00007ffbe7c36940:   8b 75 c0 e8 98 1d 26 00 48 85 f6 0f 85 96 00 00
  0x00007ffbe7c36950:   00 48 8b f0 48 89 45 c0 48 8b 45 c8 e9 8a 00 00
  0x00007ffbe7c36960:   00 4d 8b 8d 48 04 00 00 41 b7 01 4c 89 4f 40 48
  0x00007ffbe7c36970:   8b 05 7a 02 66 00 48 85 c0 0f 84 43 ff ff ff e9
  0x00007ffbe7c36980:   2c ff ff ff e8 17 80 a9 ff 48 85 c0 74 10 48 8b
  0x00007ffbe7c36990:   d3 48 8b c8 e8 87 ae 0e 00 48 8b f8 eb 02 33 ff
  0x00007ffbe7c369a0:   48 8b d7 4c 89 37 48 83 ca 02 49 8b c6 f0 48 0f
  0x00007ffbe7c369b0:   b1 13 0f 84 97 00 00 00 49 8d b5 58 06 00 00 48
  0x00007ffbe7c369c0:   8b cf e8 69 b0 0e 00 48 8b cf e8 61 80 a9 ff 4c
  0x00007ffbe7c369d0:   8b 33 49 8b c6 83 e0 03 48 83 f8 02 0f 85 3e fe
  0x00007ffbe7c369e0:   ff ff e9 db 00 00 00 48 89 45 c8 48 2b c6 48 3b
  0x00007ffbe7c369f0:   05 c3 2f 67 00 7c 50 8b 0d 73 60 61 00 66 c7 45
  0x00007ffbe7c36a00:   d1 01 01 85 c9 74 10 83 f9 01 74 06 48 8b 43 08
  0x00007ffbe7c36a10:   eb 1c 8b 43 08 eb 07 48 8b 03 48 c1 e8 2a 8b 0d


Stack slot to memory mapping:

stack at sp + 0 slots: 0x00000007015df778 is an oop: java.io.PrintStream 
{0x00000007015df778} - klass: 'java/io/PrintStream' - flags: 

 - ---- fields (total size 5 words):
 - private volatile 'closed' 'Z' @12  false (0x00)
 - protected 'out' 'Ljava/io/OutputStream;' @16  a 'java/io/FileOutputStream'{0x00000007015df7a0} (0xe02bbef4)
 - private final 'closeLock' 'Ljava/lang/Object;' @20  a 'java/lang/Object'{0x00000007015df898} (0xe02bbf13)
 - private final 'autoFlush' 'Z' @13  true (0x01)
 - private 'trouble' 'Z' @14  false (0x00)
 - private 'closing' 'Z' @15  false (0x00)
 - private 'formatter' 'Ljava/util/Formatter;' @24  null (0x00000000)
 - private final 'charset' 'Ljava/nio/charset/Charset;' @28  a 'sun/nio/cs/UTF_8'{0x0000000700c25640} (0xe0184ac8)
 - private 'textOut' 'Ljava/io/BufferedWriter;' @32  a 'java/io/BufferedWriter'{0x00000007015df8a8} (0xe02bbf15)
 - private 'charOut' 'Ljava/io/OutputStreamWriter;' @36  a 'java/io/OutputStreamWriter'{0x00000007015df8d0} (0xe02bbf1a)
stack at sp + 1 slots: 0x000002bcf7707270 points into unknown readable memory: 0x0000000000000011 | 11 00 00 00 00 00 00 00
stack at sp + 2 slots: 0x0000000000000001 is an unknown value
stack at sp + 3 slots: 0x00007ffbe7e56c32 jvm.dll
stack at sp + 4 slots: 0x0 is null
stack at sp + 5 slots: 0x0 is null
stack at sp + 6 slots: 0x000002bcf6000000 points into unknown readable memory: 0x000002bcf815c108 | 08 c1 15 f8 bc 02 00 00
stack at sp + 7 slots: 0x00007ffbe82d4af0 jvm.dll

Lock stack of current Java thread (top to bottom):
LockStack[2]: java.io.OutputStreamWriter 
{0x00000007015df8d0} - klass: 'java/io/OutputStreamWriter' - flags: 

 - ---- fields (total size 3 words):
 - private 'writeBuffer' '[C' @12  null (0x00000000)
 - protected 'lock' 'Ljava/lang/Object;' @16  a 'java/io/PrintStream'{0x00000007015df778} (0xe02bbeef)
 - private final 'se' 'Lsun/nio/cs/StreamEncoder;' @20  a 'sun/nio/cs/StreamEncoder'{0x00000007015df8e8} (0xe02bbf1d)
LockStack[1]: java.lang.Object 
{0x0000000700c3e738} - klass: 'java/lang/Object' - flags: 

 - ---- fields (total size 2 words):
LockStack[0]: java.io.PrintStream 
{0x0000000718040650} - klass: 'java/io/PrintStream' - flags: 

 - ---- fields (total size 5 words):
 - private volatile 'closed' 'Z' @12  false (0x00)
 - protected 'out' 'Ljava/io/OutputStream;' @16  a 'org/gradle/internal/io/LineBufferingOutputStream'{0x0000000718040678} (0xe30080cf)
 - private final 'closeLock' 'Ljava/lang/Object;' @20  a 'java/lang/Object'{0x0000000718042760} (0xe30084ec)
 - private final 'autoFlush' 'Z' @13  false (0x00)
 - private 'trouble' 'Z' @14  false (0x00)
 - private 'closing' 'Z' @15  false (0x00)
 - private 'formatter' 'Ljava/util/Formatter;' @24  null (0x00000000)
 - private final 'charset' 'Ljava/nio/charset/Charset;' @28  a 'sun/nio/cs/UTF_8'{0x0000000700c25640} (0xe0184ac8)
 - private 'textOut' 'Ljava/io/BufferedWriter;' @32  a 'java/io/BufferedWriter'{0x0000000718042a60} (0xe300854c)
 - private 'charOut' 'Ljava/io/OutputStreamWriter;' @36  a 'java/io/OutputStreamWriter'{0x0000000718042770} (0xe30084ee)

--------------------------------------------------------------------------------
Decoding CodeBlob, name: C2 Runtime complete_monitor_locking, at  [0x000002bcdaff9260, 0x000002bcdaff92b8]  88 bytes
[MachCode]
  0x000002bcdaff9260: 4881 ec28 | 0000 0048 | 896c 2420 | 4989 a7a8 | 0300 0048 | 8bca 498b | d04d 8bc7 | 49ba 50ee 
  0x000002bcdaff9280: d9e7 fb7f | 0000 41ff | d20f 1f84 | 0000 0000 | 004d 89a7 | a803 0000 | 4d89 a7b0 | 0300 004d 
  0x000002bcdaff92a0: 3b67 0875 | 0648 83c4 | 205d c348 | 83c4 205d | e90b 7cee | fff4 f4f4 
[/MachCode]
--------------------------------------------------------------------------------


Compiled method (c2) 1552407 6129       4       org.gradle.internal.logging.text.StreamingStyledTextOutput::doAppend (11 bytes)
 total in heap  [0x000002bcdb90c008,0x000002bcdb910420] = 17432
 relocation     [0x000002bcdb90c0e0,0x000002bcdb90c410] = 816
 main code      [0x000002bcdb90c420,0x000002bcdb910008] = 15336
 stub code      [0x000002bcdb910008,0x000002bcdb9100c8] = 192
 oops           [0x000002bcdb9100c8,0x000002bcdb9100d8] = 16
 metadata       [0x000002bcdb9100d8,0x000002bcdb910420] = 840
 immutable data [0x000002bced9b97e0,0x000002bced9bbb40] = 9056
 dependencies   [0x000002bced9b97e0,0x000002bced9b98c0] = 224
 nul chk table  [0x000002bced9b98c0,0x000002bced9b99b0] = 240
 handler table  [0x000002bced9b99b0,0x000002bced9b9b78] = 456
 scopes pcs     [0x000002bced9b9b78,0x000002bced9ba368] = 2032
 scopes data    [0x000002bced9ba368,0x000002bced9bbb40] = 6104

[Constant Pool (empty)]

[MachCode]
[Instructions begin]
  0x000002bcdb90c420: 6690 448b | 5208 443b 

  0x000002bcdb90c428: ;   {runtime_call Shared Runtime ic_miss_blob}
  0x000002bcdb90c428: 5008 0f85 | 3023 62ff 
[Verified Entry Point]
  0x000002bcdb90c430: 8984 2400 | 80ff ff55 | 4881 ec00 | 0100 0090 | 4181 7f20 | 4100 0000 | 0f85 ac3b | 0000 4c89 
  0x000002bcdb90c450: 4424 2044 | 8b52 1047 | 8b44 d408 

  0x000002bcdb90c45c: ;   {metadata('org/gradle/internal/logging/text/StreamBackedStandardOutputListener')}
  0x000002bcdb90c45c: 4181 f890 | a30a 010f | 8573 1d00 | 0049 c1e2 | 034c 8954 | 2470 418b | 6a0c 458b 

  0x000002bcdb90c478: ;   {metadata('java/io/PrintStream')}
  0x000002bcdb90c478: 54ec 0841 | 81fa 88bf | 1600 0f85 | 6c1d 0000 | 4d8d 14ec | 4c89 5424 | 784c 8b54 | 2420 4d85 
  0x000002bcdb90c498: d20f 84e9 | 2400 0048 | 8d9c 24d0 | 0000 004c | 8b5c 2478 | 4d8b 1341 | 8b9f 5806 | 0000 41f6 
  0x000002bcdb90c4b8: c202 0f85 | 3700 0000 | 81fb a706 | 0000 0f8f | 4b00 0000 | 4d3b 5c1f | f874 1649 | 8bc2 4883 
  0x000002bcdb90c4d8: c801 4983 | e2fe f04d | 0fb1 130f | 852e 0000 | 004d 891c | 1f41 8387 | 5806 0000 | 08eb 1e48 
  0x000002bcdb90c4f8: 33c0 498b | 9f48 0400 | 00f0 490f | b15a 3e74 | 0c48 3bd8 | 7509 49ff | 8286 0000 | 0033 c00f 
  0x000002bcdb90c518: 85ef 1c00 | 004c 8b54 | 2478 418b | 6a10 85ed | 0f84 7e24 | 0000 458b | 5a20 478b | 4cdc 104c 
  0x000002bcdb90c538: 8b54 2420 | 458b 4214 

  0x000002bcdb90c540: ; implicit exception: dispatches to 0x000002bcdb90f428
  0x000002bcdb90c540: 478b 54c4 | 0c4c 8b44 | 2420 410f | be48 10c4 | 4272 f7c2 | 4585 c90f | 845f 1b00 | 004f 8d34 
  0x000002bcdb90c560: cc48 8d9c | 24d8 0000 | 004d 8b16 | 418b 9f58 | 0600 0041 | f6c2 020f 

  0x000002bcdb90c578: ;   {no_reloc}
  0x000002bcdb90c578: 8537 0000 | 0081 fba7 | 0600 000f | 8f4b 0000 | 004d 3b74 | 1ff8 7416 | 498b c248 | 83c8 0149 
  0x000002bcdb90c598: 83e2 fef0 | 4d0f b116 | 0f85 2e00 | 0000 4d89 | 341f 4183 | 8758 0600 | 0008 eb1e | 4833 c049 
  0x000002bcdb90c5b8: 8b9f 4804 | 0000 f049 | 0fb1 5a3e | 740c 483b | d875 0949 | ff82 8600 | 0000 33c0 | 0f85 631c 
  0x000002bcdb90c5d8: 0000 438b | 6cdc 2085 | ed0f 84e5 | 2300 0043 | 8b4c dc18 | 418d 0408 | 8d58 0185 | db0f 8c01 
  0x000002bcdb90c5f8: 2400 0047 | 8b6c dc14 | 413b dd0f | 8f2b 2400 | 0045 85c0 | 0f8e 3a01 | 0000 418b | ed2b e941 
  0x000002bcdb90c618: 3be8 0f8c | e028 0000 | 4c8b 5424 | 2045 8b52 | 1443 8b7c | d40c c4c1 | f96e c643 | 8b5c dc24 
  0x000002bcdb90c638: 488b 5424 | 2044 0fbe | 7210 c4e2 | 0af7 ef44 | 3bc5 0f8f | e028 0000 

  0x000002bcdb90c650: ; implicit exception: dispatches to 0x000002bcdb90f74c
  0x000002bcdb90c650: 418b 74dc | 0c8b ee0b | e941 0be8 | 0f8c f627 | 0000 8bee | 2be9 443b | c50f 8f09 | 2900 0045 
  0x000002bcdb90c670: 85f6 0f85 | 3028 0000 

  0x000002bcdb90c678: ;   {no_reloc}
  0x000002bcdb90c678: 413b f80f | 82db 2000 | 0085 c90f | 8c23 2100 | 003b f00f | 821b 2100 | 0043 8944 | dc18 48c1 
  0x000002bcdb90c698: e303 488d | 7c4b 104b | 8d0c d44b | 8d74 d410 | 418b d08b | ca83 e10f | 83e2 f074 | 1c48 8d34 
  0x000002bcdb90c6b8: 1648 8d3c | 5748 f7da | c4e2 7d30 | 0c16 c5fe | 7f0c 5748 | 83c2 1075 | ef8b d183 | e107 83e2 
  0x000002bcdb90c6d8: f874 27c4 | e279 300e | c5fa 7f0f | 4883 c608 | 4883 c710 | e911 0000 | 00c4 e279 | 300c 16c5 
  0x000002bcdb90c6f8: fa7f 0c57 | 4883 c208 | 75ef 8bd1 | 83fa 047c | 19c5 f96e | 0ec4 e279 | 30c9 c5f9 | d60f 4883 
  0x000002bcdb90c718: ea04 4883 | c604 4883 | c708 85d2 | 7418 488d | 3416 488d | 3c57 48f7 | da0f b60c | 1666 890c 
  0x000002bcdb90c738: 5748 ffc2 | 75f3 413b | c50f 8d81 | 2800 00c4 | c1f9 7ec6 | 488d 8424 | d800 0000 | 418b 8758 
  0x000002bcdb90c758: 0600 004d | 8b16 4d3b | 7407 f80f | 852e 0000 | 0041 83af | 5806 0000 | 084d 3b74 | 07f0 0f84 
  0x000002bcdb90c778: ;   {no_reloc}
  0x000002bcdb90c778: 6500 0000 | 498b c248 | 83e0 fc49 | 83ca 01f0 | 4d0f b116 | 0f85 5b38 | 0000 e94a | 0000 0049 
  0x000002bcdb90c798: 83ba 8600 | 0000 0075 | 3949 c742 | 3e00 0000 | 00f0 8344 | 24c0 0049 | 8b82 8e00 | 0000 490b 
  0x000002bcdb90c7b8: 8296 0000 | 0074 2249 | 83ba 9e00 | 0000 0075 | 1849 83e2 | fd4d 8997 | 6805 0000 | 4183 ca01 
  0x000002bcdb90c7d8: eb0a 49ff | 8a86 0000 | 0045 33d2 | 0f85 c01a | 0000 4c8b | 5424 7845 | 8b5a 2044 | 895c 2428 
  0x000002bcdb90c7f8: ; implicit exception: dispatches to 0x000002bcdb90f44c
  0x000002bcdb90c7f8: 478b 54dc | 1044 8954 | 242c 4585 | d20f 84e1 | 1800 004b | 8d0c d444 | 8b5c 2428 | 4f8d 14dc 
  0x000002bcdb90c818: 4c89 5424 | 3048 8d9c | 24d8 0000 | 004c 8b11 | 418b 9f58 | 0600 0041 | f6c2 020f | 8537 0000 
  0x000002bcdb90c838: 0081 fba7 | 0600 000f | 8f4b 0000 | 0049 3b4c | 1ff8 7416 | 498b c248 | 83c8 0149 | 83e2 fef0 
  0x000002bcdb90c858: 4c0f b111 | 0f85 2e00 | 0000 4989 | 0c1f 4183 | 8758 0600 | 0008 eb1e | 4833 c049 

  0x000002bcdb90c874: ;   {no_reloc}
  0x000002bcdb90c874: 8b9f 4804 | 0000 f049 | 0fb1 5a3e | 740c 483b | d875 0949 | ff82 8600 | 0000 33c0 | 0f85 3f1a 
  0x000002bcdb90c894: 0000 448b | 5424 2847 | 8b54 d420 

  0x000002bcdb90c8a0: ; implicit exception: dispatches to 0x000002bcdb90f7a0
  0x000002bcdb90c8a0: 478b 5cd4 | 0844 8b4c | 2428 478b | 4ccc 1845 | 85c9 0f84 | 180f 0000 | 448b 4424 | 2847 8b44 
  0x000002bcdb90c8c0: ;   {metadata('java/io/OutputStreamWriter')}
  0x000002bcdb90c8c0: c424 4181 | fbd0 a624 | 000f 85ab | 1b00 0049 | c1e2 0345 | 8b5a 1443 | 8b74 dc10 | 85f6 0f84 
  0x000002bcdb90c8e0: 5818 0000 | 4889 8c24 | 8000 0000 | 4f8d 14dc | 4c89 5424 | 4049 8d3c | f448 8d9c | 24e0 0000 
  0x000002bcdb90c900: 004c 8b17 | 418b 9f58 | 0600 0041 | f6c2 020f | 8537 0000 | 0081 fba7 | 0600 000f | 8f4b 0000 
  0x000002bcdb90c920: 0049 3b7c | 1ff8 7416 | 498b c248 | 83c8 0149 | 83e2 fef0 | 4c0f b117 | 0f85 2e00 | 0000 4989 
  0x000002bcdb90c940: 3c1f 4183 | 8758 0600 | 0008 eb1e | 4833 c049 | 8b9f 4804 | 0000 f049 | 0fb1 5a3e | 740c 483b 
  0x000002bcdb90c960: d875 0949 | ff82 8600 | 0000 33c0 | 0f85 3e1b | 0000 430f | b66c dc1a | 85ed 0f85 | 1021 0000 
  0x000002bcdb90c980: ; implicit exception: dispatches to 0x000002bcdb90f548
  0x000002bcdb90c980: 438b 5cc4 | 0c8d 4b01 | 443b c90f | 8333 2100 | 0049 8b87 | c801 0000 | 4c8b d049 | 83c2 384d 
  0x000002bcdb90c9a0: 3b97 d801 | 0000 0f83 | 6f10 0000 | 4d89 97c8 | 0100 0041 | 0f0d 8ac0 | 0000 0048 | c700 0100 
  0x000002bcdb90c9c0: ;   {no_reloc}
  0x000002bcdb90c9c0: 0000 c740 | 08c8 b836 | 004c 8960 | 104c 8960 | 184c 8960 | 204c 8960 | 284c 8960 | 30c7 400c 
  0x000002bcdb90c9e0: ffff ffff | 4c8b d045 | 894a 1c41 | 895a 2041 | 83f9 ff0f | 8c03 2100 | 0045 8962 | 2849 8d4a 
  0x000002bcdb90ca00: 3041 807f | 4800 0f85 | ec32 0000 | 4489 0141 | 8bd8 48c1 | e303 488b | d148 33d3 | 48c1 ea15 
  0x000002bcdb90ca20: 0f84 1d00 | 0000 488b | d148 c1ea | 0948 bb00 | 0066 e0bc | 0200 0048 | 03d3 803a | 020f 854e 
  0x000002bcdb90ca40: 3300 0049 | c742 1010 | 0000 0043 | 0fb6 6cdc | 1b85 ed0f | 85ef 2000 | 0047 8b44 | dc24 478b 
  0x000002bcdb90ca60: 44c4 2043 | 8b6c dc14 | 443b c50f | 8d07 2100 | 0043 8b4c | dc20 c4c1 | 7a10 4ccc | 1033 c941 
  0x000002bcdb90ca80: 8bc1 33db | 443b c90f | 4cc3 ba00 | 0080 7fc5 | f97e cb23 | dac1 fb17 | ba95 0000 | 002b d38b 
  0x000002bcdb90caa0: cabb e0ff | ffff 85d3 | 7526 c5f9 | 7ecb 81e3 | ffff 7f00 | 81cb 0000 | 8000 c5f9 | 7eca 85d2 
  0x000002bcdb90cac0: ;   {no_reloc}
  0x000002bcdb90cac0: 7d02 f7db | d3fb 83c3 | 01d1 fbe9 | 1b00 0000 | c5fa 2cd9 | 81fb 0000 | 0080 750f | 4883 ec08 
  0x000002bcdb90cae0: c5fa 110c 

  0x000002bcdb90cae4: ;   {runtime_call StubRoutines (initial stubs)}
  0x000002bcdb90cae4: 24e8 e045 | 5dff 5b0f | afd8 3bdd | 0f4f dd41 | 3bd8 0f8f | 080c 0000 | 4533 c045 | 3bc1 0f8d 
  0x000002bcdb90cb04: 6816 0000 | 438b 44dc | 2443 8b4c | dc20 418b | 6ccc 1485 | ed74 0983 | fd01 0f85 | f820 0000 
  0x000002bcdb90cb24: 41c7 44cc | 1401 0000 | 0041 8b54 | cc08 498d 

  0x000002bcdb90cb34: ;   {metadata('sun/nio/cs/UTF_8$Encoder')}
  0x000002bcdb90cb34: 1ccc 81fa | 0055 2b00 | 0f85 c30a | 0000 458b | 6a30 4585 | ed0f 840d | 2100 0041 | 0fb6 6a2c 
  0x000002bcdb90cb54: 85ed 0f85 | b01d 0000 

  0x000002bcdb90cb5c: ; implicit exception: dispatches to 0x000002bcdb90f698
  0x000002bcdb90cb5c: 458b 74c4 | 3045 85f6 | 0f84 4a21 | 0000 4889 | 5c24 6089 | 4c24 4889 | 4424 3c4c | 8954 2458 
  0x000002bcdb90cb7c: 4889 7c24 | 5089 7424 | 4c44 895c | 2438 410f | b66c c42c | 85ed 0f85 | c41d 0000 | 458b 5cc4 
  0x000002bcdb90cb9c: 1c45 8b54 | c418 418b | 5cc4 2841 | 8bfb 412b | fa42 8d2c | 134c 8b54 | 2458 458b | 5228 418b 
  0x000002bcdb90cbbc: d141 2bd0 | 4503 ca3b | d70f 4fd7 | 4503 c24b | 8d0c f448 | 8d7c 2910 | 4b8d 0cec | 4a8d 7441 
  0x000002bcdb90cbdc: 1033 c085 | d20f 84d0 | 0000 008b | c248 8d34 | 5648 8d3c | 1748 f7da | b980 ff80 | ffc5 f96e 
  0x000002bcdb90cbfc: c9c4 e27d | 58c9 e927 | 0000 00c5 | fe6f 5c56 | c0c5 fe6f | 4456 e0c5 | e5eb d0c4 | e27d 17d1 
  0x000002bcdb90cc1c: 7516 c5e5 | 67d8 c4e3 | fd00 c3d8 | c5fe 7f44 | 17e0 4883 | c220 7ed3 

  0x000002bcdb90cc34: ;   {no_reloc}
  0x000002bcdb90cc34: 4883 ea10 | 7f27 c5fe | 6f54 56e0 | c4e2 7d17 | d10f 8516 | 0000 00c5 | ed67 d1c4 | e3fd 00da 
  0x000002bcdb90cc54: d8c5 fa7f | 5c17 f048 | 83c2 107e | d9c5 edef | d2c5 e5ef | dbc5 fdef | c0c5 f96e | c9c5 f970 
  0x000002bcdb90cc74: c900 4883 | ea08 7f1d | c5fa 6f5c | 56f0 c4e2 | 7917 d975 | 10c5 e167 | d9c5 f9d6 | 5c17 f848 
  0x000002bcdb90cc94: 83c2 087e | e348 83ea | 0874 180f | b70c 56f7 | c180 ff00 | 0075 0988 | 0c17 4883 | c201 7ceb 
  0x000002bcdb90ccb4: 4803 c203 | e889 6c24 | 6844 03c0 | 453b c10f | 8c43 2000 | 0045 2bc2 | 448b 5424 | 3c49 c1e2 
  0x000002bcdb90ccd4: 034c 8994 | 2488 0000 | 0048 8b54 | 2458 4c8b | d249 8bea 

  0x000002bcdb90cce8: ;   {optimized virtual_call}
  0x000002bcdb90cce8: c5f8 77e8 

  0x000002bcdb90ccec: ; ImmutableOopMap {rbp=Oop [32]=Oop [40]=NarrowOop [44]=NarrowOop [48]=Oop [56]=NarrowOop [60]=NarrowOop [64]=Oop [72]=NarrowOop [76]=NarrowOop [80]=Oop [88]=Oop [96]=Oop [112]=Oop [120]=Oop [128]=Oop [136]=Oop }
                      ;*invokespecial position {reexecute=0 rethrow=0 return_oop=1}
                      ; - java.nio.CharBuffer::position@2 (line 1561)
                      ; - java.nio.CharBuffer::position@2 (line 292)
                      ; - sun.nio.cs.UTF_8::updatePositions@7 (line 82)
                      ; - sun.nio.cs.UTF_8$Encoder::encodeArrayLoop@130 (line 463)
                      ; - sun.nio.cs.UTF_8$Encoder::encodeLoop@17 (line 564)
                      ; - java.nio.charset.CharsetEncoder::encode@57 (line 587)
                      ; - sun.nio.cs.StreamEncoder::implWrite@38 (line 280)
                      ; - sun.nio.cs.StreamEncoder::implWrite@11 (line 267)
                      ; - sun.nio.cs.StreamEncoder::write@60 (line 122)
                      ; - java.io.OutputStreamWriter::write@7 (line 206)
                      ; - java.io.BufferedWriter::flushBuffer@34 (line 168)
                      ; - java.io.PrintStream::write@20 (line 665)
                      ; - java.io.PrintStream::print@5 (line 838)
                      ; - java.io.PrintStream::append@5 (line 1276)
                      ; - java.io.PrintStream::append@2 (line 64)
                      ; - org.gradle.internal.logging.text.StreamBackedStandardOutputListener::onOutput@5 (line 52)
                      ; - org.gradle.internal.logging.text.StreamingStyledTextOutput::doAppend@5 (line 55)
  0x000002bcdb90ccec: 20bf e7ff 

  0x000002bcdb90ccf0: ;   {post_call_nop}
  0x000002bcdb90ccf0: 0f1f 8400 | e80c 0000 | 448b 5424 | 3c43 8b6c | d430 85ed | 0f84 c220 | 0000 430f | b66c d42c 
  0x000002bcdb90cd10: 85ed 0f85 | e820 0000 | 8b4c 2468 | 432b 4cd4 | 2847 8b5c 

  0x000002bcdb90cd24: ;   {metadata('java/nio/HeapByteBuffer')}
  0x000002bcdb90cd24: d408 4181 | fbe0 0c2c | 000f 85e9 | 1900 0048 | 8b94 2488 | 0000 0044 | 8bc1 4c8b | 5424 784c 
  0x000002bcdb90cd44: 8954 2468 | 488b 6c24 | 5848 8994 | 24a0 0000 | 0066 6690 

  0x000002bcdb90cd58: ;   {optimized virtual_call}
  0x000002bcdb90cd58: c5f8 77e8 

  0x000002bcdb90cd5c: ; ImmutableOopMap {rbp=Oop [32]=Oop [40]=NarrowOop [44]=NarrowOop [48]=Oop [56]=NarrowOop [60]=NarrowOop [64]=Oop [72]=NarrowOop [76]=NarrowOop [80]=Oop [88]=Oop [96]=Oop [104]=Oop [112]=Oop [120]=Oop [128]=Oop [160]=Oop }
                      ;*invokespecial position {reexecute=0 rethrow=0 return_oop=1}
                      ; - java.nio.ByteBuffer::position@2 (line 1561)
                      ; - java.nio.ByteBuffer::position@2 (line 292)
                      ; - sun.nio.cs.UTF_8::updatePositions@18 (line 83)
                      ; - sun.nio.cs.UTF_8$Encoder::encodeArrayLoop@130 (line 463)
                      ; - sun.nio.cs.UTF_8$Encoder::encodeLoop@17 (line 564)
                      ; - java.nio.charset.CharsetEncoder::encode@57 (line 587)
                      ; - sun.nio.cs.StreamEncoder::implWrite@38 (line 280)
                      ; - sun.nio.cs.StreamEncoder::implWrite@11 (line 267)
                      ; - sun.nio.cs.StreamEncoder::write@60 (line 122)
                      ; - java.io.OutputStreamWriter::write@7 (line 206)
                      ; - java.io.BufferedWriter::flushBuffer@34 (line 168)
                      ; - java.io.PrintStream::write@20 (line 665)
                      ; - java.io.PrintStream::print@5 (line 838)
                      ; - java.io.PrintStream::append@5 (line 1276)
                      ; - java.io.PrintStream::append@2 (line 64)
                      ; - org.gradle.internal.logging.text.StreamBackedStandardOutputListener::onOutput@5 (line 52)
                      ; - org.gradle.internal.logging.text.StreamingStyledTextOutput::doAppend@5 (line 55)
  0x000002bcdb90cd5c: b0be e7ff 

  0x000002bcdb90cd60: ;   {post_call_nop}
  0x000002bcdb90cd60: 0f1f 8400 | 580d 0001 

  0x000002bcdb90cd68: ;   {oop(a 'java/nio/charset/CoderResult'{0x0000000700c988f0})}
  0x000002bcdb90cd68: 49b8 f088 | c900 0700 | 0000 458b | 580c 4183 | fb01 0f84 | 2c14 0000 | 4585 db0f | 85cf 1a00 
  0x000002bcdb90cd88: 004c 8b44 | 2458 418b | 681c 412b | 6818 85ed | 7e09 83fd | 010f 8491 | 2000 004c | 8b5c 2450 
  0x000002bcdb90cda8: 488d 8424 | e000 0000 | 418b 8758 | 0600 004d | 8b13 4d3b | 5c07 f80f | 852e 0000 | 0041 83af 
  0x000002bcdb90cdc8: 5806 0000 | 084d 3b5c | 07f0 0f84 | 6500 0000 | 498b c248 | 83e0 fc49 | 83ca 01f0 | 4d0f b113 
  0x000002bcdb90cde8: 0f85 f231 | 0000 e94a | 0000 0049 | 83ba 8600 | 0000 0075 | 3949 c742 | 3e00 0000 | 00f0 8344 
  0x000002bcdb90ce08: 24c0 0049 | 8b82 8e00 | 0000 490b | 8296 0000 | 0074 2249 | 83ba 9e00 | 0000 0075 | 1849 83e2 
  0x000002bcdb90ce28: fd4d 8997 | 6805 0000 | 4183 ca01 | eb0a 49ff | 8a86 0000 | 0045 33d2 | 0f85 4717 | 0000 448b 
  0x000002bcdb90ce48: 5424 2847 | 8964 d418 | 4c8b 9c24 | 8000 0000 | 488d 8424 | d800 0000 | 418b 8758 

  0x000002bcdb90ce64: ;   {no_reloc}
  0x000002bcdb90ce64: 0600 004d | 8b13 4d3b | 5c07 f80f | 852e 0000 | 0041 83af | 5806 0000 | 084d 3b5c | 07f0 0f84 
  0x000002bcdb90ce84: 6500 0000 | 498b c248 | 83e0 fc49 | 83ca 01f0 | 4d0f b113 | 0f85 3531 | 0000 e94a | 0000 0049 
  0x000002bcdb90cea4: 83ba 8600 | 0000 0075 | 3949 c742 | 3e00 0000 | 00f0 8344 | 24c0 0049 | 8b82 8e00 | 0000 490b 
  0x000002bcdb90cec4: 8296 0000 | 0074 2249 | 83ba 9e00 | 0000 0075 | 1849 83e2 | fd4d 8997 | 6805 0000 | 4183 ca01 
  0x000002bcdb90cee4: eb0a 49ff | 8a86 0000 | 0045 33d2 | 0f85 c416 | 0000 4c8b | 5424 7845 | 8b5a 2447 | 8b44 dc14 
  0x000002bcdb90cf04: ; implicit exception: dispatches to 0x000002bcdb90f494
  0x000002bcdb90cf04: 438b 74c4 | 1085 f60f | 84ff 1100 | 004d 8d2c | f44f 8d14 | c44c 8954 | 2438 488d | 9c24 d800 
  0x000002bcdb90cf24: 0000 4d8b | 5500 418b | 9f58 0600 | 0041 f6c2 | 020f 8538 | 0000 0081 | fba7 0600 | 000f 8f4c 
  0x000002bcdb90cf44: 0000 004d | 3b6c 1ff8 | 7417 498b | c248 83c8 | 0149 83e2 | fef0 4d0f | b155 000f | 852e 0000 
  0x000002bcdb90cf64: ;   {no_reloc}
  0x000002bcdb90cf64: 004d 892c | 1f41 8387 | 5806 0000 | 08eb 1e48 | 33c0 498b | 9f48 0400 | 00f0 490f | b15a 3e74 
  0x000002bcdb90cf84: 0c48 3bd8 | 7509 49ff | 8286 0000 | 0033 c00f | 85bb 1300 | 0043 0fb6 | 6cc4 1a85 | ed0f 8555 
  0x000002bcdb90cfa4: 1800 0043 | 8b4c c424 

  0x000002bcdb90cfac: ; implicit exception: dispatches to 0x000002bcdb90f4b8
  0x000002bcdb90cfac: 458b 5ccc | 1845 85db | 0f8e 6902 | 0000 458b 

  0x000002bcdb90cfbc: ;   {metadata('java/nio/HeapByteBuffer')}
  0x000002bcdb90cfbc: 5ccc 0841 | 81fb e00c | 2c00 0f85 | 1e16 0000 | 4d8d 1ccc | 458b 5318 | 4589 531c | 41c7 430c 
  0x000002bcdb90cfdc: ffff ffff | 4589 6318 | 4585 d20f | 8cb7 1800 | 0045 85d2 | 0f8e e218 | 0000 458b | 5ccc 3043 
  0x000002bcdb90cffc: 8b44 c428 

  0x000002bcdb90d000: ; implicit exception: dispatches to 0x000002bcdb90f7e4
  0x000002bcdb90d000: 438b 54dc | 0c41 0fb6 | 6ccc 2c85 | ed0f 85a1 | 1b00 0045 | 8b4c cc28 

  0x000002bcdb90d018: ; implicit exception: dispatches to 0x000002bcdb90f600
  0x000002bcdb90d018: 418b 6cc4 | 084b 8d3c | dc49 8d0c 

  0x000002bcdb90d024: ;   {metadata('java/io/PrintStream')}
  0x000002bcdb90d024: c481 fd88 | bf16 000f | 8589 0a00 | 0048 8d9c | 24e0 0000 | 0048 8b29 | 418b 9f58 | 0600 0040 
  0x000002bcdb90d044: f6c5 020f | 8537 0000 | 0081 fba7 | 0600 000f | 8f4b 0000 | 0049 3b4c | 1ff8 7416 | 488b c548 
  0x000002bcdb90d064: 83c8 0148 | 83e5 fef0 | 480f b129 | 0f85 2e00 | 0000 4989 | 0c1f 4183 | 8758 0600 | 0008 eb1e 
  0x000002bcdb90d084: 4833 c049 | 8b9f 4804 | 0000 f048 | 0fb1 5d3e | 740c 483b | d875 0948 | ff85 8600 | 0000 33c0 
  0x000002bcdb90d0a4: 0f85 9215 | 0000 8b69 | 1041 8b44 | ec08 498d 

  0x000002bcdb90d0b4: ;   {metadata('java/io/FileOutputStream')}
  0x000002bcdb90d0b4: 1cec 81f8 | 6810 1700 | 0f85 6f0a | 0000 8b43 | 1041 0fb6 

  0x000002bcdb90d0c8: ;   {oop(a 'java/lang/Class'{0x0000000700c14018} = 'java/io/FileOutputStream')}
  0x000002bcdb90d0c8: 44c4 1948 | ba18 40c1 | 0007 0000 | 000f b66a | 7485 ed0f | 858b 1c00 | 0048 894c | 2440 4c89 
  0x000002bcdb90d0e8: 6c24 3089 | 7424 2c44 | 8944 2428 | 488b d34c | 8bc7 418b | fa8b f04c | 8b54 2478 | 4c89 5424 
  0x000002bcdb90d108: 484c 8954 | 2450 488b | e966 6690 

  0x000002bcdb90d114: ;   {optimized virtual_call}
  0x000002bcdb90d114: c5f8 77e8 

  0x000002bcdb90d118: ; ImmutableOopMap {rbp=Oop [32]=Oop [40]=NarrowOop [44]=NarrowOop [48]=Oop [56]=Oop [64]=Oop [72]=Oop [80]=Oop [112]=Oop [120]=Oop }
                      ;*invokevirtual writeBytes {reexecute=0 rethrow=0 return_oop=0}
                      ; - java.io.FileOutputStream::write@42 (line 360)
                      ; - java.io.PrintStream::write@16 (line 539)
                      ; - sun.nio.cs.StreamEncoder::writeBytes@81 (line 220)
                      ; - sun.nio.cs.StreamEncoder::implFlushBuffer@11 (line 315)
                      ; - sun.nio.cs.StreamEncoder::flushBuffer@15 (line 101)
                      ; - java.io.OutputStreamWriter::flushBuffer@4 (line 179)
                      ; - java.io.PrintStream::write@27 (line 666)
                      ; - java.io.PrintStream::print@5 (line 838)
                      ; - java.io.PrintStream::append@5 (line 1276)
                      ; - java.io.PrintStream::append@2 (line 64)
                      ; - org.gradle.internal.logging.text.StreamBackedStandardOutputListener::onOutput@5 (line 52)
                      ; - org.gradle.internal.logging.text.StreamingStyledTextOutput::doAppend@5 (line 55)
  0x000002bcdb90d118: 74ee ddff 

  0x000002bcdb90d11c: ;   {post_call_nop}
  0x000002bcdb90d11c: 0f1f 8400 | 1411 0002 | 4c8b 4424 | 4041 0fb6 | 680d 85ed | 0f84 b21a | 0000 418b | 6810 458b 
  0x000002bcdb90d13c: ;   {metadata('java/io/FileOutputStream')}
  0x000002bcdb90d13c: 54ec 0841 | 81fa 6810 | 1700 0f85 | b20d 0000 | 488d 8424 | e000 0000 | 418b 8758 | 0600 004d 
  0x000002bcdb90d15c: 8b10 4d3b | 4407 f80f | 852e 0000 | 0041 83af | 5806 0000 | 084d 3b44 | 07f0 0f84 | 6500 0000 
  0x000002bcdb90d17c: 498b c248 | 83e0 fc49 | 83ca 01f0 | 4d0f b110 | 0f85 342e | 0000 e94a | 0000 0049 | 83ba 8600 
  0x000002bcdb90d19c: 0000 0075 | 3949 c742 | 3e00 0000 | 00f0 8344 | 24c0 0049 | 8b82 8e00 | 0000 490b | 8296 0000 
  0x000002bcdb90d1bc: 0074 2249 | 83ba 9e00 | 0000 0075 | 1849 83e2 | fd4d 8997 | 6805 0000 | 4183 ca01 | eb0a 49ff 
  0x000002bcdb90d1dc: 8a86 0000 | 0045 33d2 | 0f85 0715 | 0000 448b | 5424 2843 | 8b6c d424 

  0x000002bcdb90d1f4: ; implicit exception: dispatches to 0x000002bcdb90f638
  0x000002bcdb90d1f4: 458b 54ec 

  0x000002bcdb90d1f8: ;   {metadata('java/nio/HeapByteBuffer')}
  0x000002bcdb90d1f8: 0841 81fa | e00c 2c00 | 0f85 1614 | 0000 4d8d | 14ec 41c7 | 420c ffff | ffff 458b | 4220 4589 
  0x000002bcdb90d218: 421c 4589 | 6218 4c8b | 6c24 3048 | 8d84 24d8 | 0000 0041 | 8b87 5806 | 0000 4d8b | 5500 4d3b 
  0x000002bcdb90d238: 6c07 f80f | 852f 0000 | 0041 83af | 5806 0000 | 084d 3b6c | 07f0 0f84 | 6600 0000 | 498b c248 
  0x000002bcdb90d258: 83e0 fc49 | 83ca 01f0 | 4d0f b155 | 000f 854e | 2d00 00e9 | 4a00 0000 | 4983 ba86 | 0000 0000 
  0x000002bcdb90d278: 7539 49c7 | 423e 0000 | 0000 f083 | 4424 c000 | 498b 828e | 0000 0049 | 0b82 9600 | 0000 7422 
  0x000002bcdb90d298: 4983 ba9e | 0000 0000 | 7518 4983 | e2fd 4d89 | 9768 0500 | 0041 83ca | 01eb 0a49 | ff8a 8600 
  0x000002bcdb90d2b8: 0000 4533 | d20f 85f7 | 1000 004c | 8b54 2478 | 410f b66a | 0d85 ed0f | 849b 1700 | 004c 8b54 
  0x000002bcdb90d2d8: 2420 450f | be5a 1045 | 85db 0f85 | 3c15 0000 | 458b 5214 

  0x000002bcdb90d2ec: ; implicit exception: dispatches to 0x000002bcdb90f4e0
  0x000002bcdb90d2ec: 438b 54d4 | 0c4f 8d1c | d44b 8d7c 

  0x000002bcdb90d2f8: ;   {no_reloc}
  0x000002bcdb90d2f8: d410 b80a | 0000 0048 | 8bdf 83fa | 100f 8c79 | 0000 0083 | fa20 0f8c | 3600 0000 | c5f9 6ec0 
  0x000002bcdb90d318: c4e2 7d78 | c0c5 f5ef | c98b ca83 | e1e0 83e2 | 1fc5 fe6f | 13c5 ed74 | d0c4 e27d | 17ca 0f83 
  0x000002bcdb90d338: 6900 0000 | 4883 c320 | 83e9 2075 | e4e9 0d00 | 0000 c5f9 | 6ec0 c5f1 | efc9 c4e2 | 7900 c183 
  0x000002bcdb90d358: fa10 0f8c | 2400 0000 | 8bca 83e1 | f083 e20f | c5fa 6f13 | c5e9 74d0 | c4e2 7917 | ca0f 832a 
  0x000002bcdb90d378: 0000 0048 | 83c3 1083 | e910 75e4 | 85d2 0f84 | 1200 0000 | 0fb6 0b3b | c174 1c48 | 83c3 0183 
  0x000002bcdb90d398: ea01 7402 | ebee bbff | ffff ffeb | 0dc5 fdd7 | ca0f bcc1 | 4803 d848 | 2bdf 85db | 7c36 4c8b 
  0x000002bcdb90d3b8: 5424 7841 | 8b6a 1045 | 8b54 ec08 

  0x000002bcdb90d3c4: ;   {metadata('java/io/FileOutputStream')}
  0x000002bcdb90d3c4: 4181 fa68 | 1017 0074 | 1fba deff | ffff 48ff | 7424 7848 | 8f44 2428 

  0x000002bcdb90d3dc: ;   {runtime_call UncommonTrapBlob}
  0x000002bcdb90d3dc: c5f8 77e8 

  0x000002bcdb90d3e0: ; ImmutableOopMap {rbp=NarrowOop [40]=Oop [112]=Oop }
                      ;*invokevirtual flush {reexecute=0 rethrow=0 return_oop=0}
                      ; - java.io.PrintStream::write@50 (line 668)
                      ; - java.io.PrintStream::print@5 (line 838)
                      ; - java.io.PrintStream::append@5 (line 1276)
                      ; - java.io.PrintStream::append@2 (line 64)
                      ; - org.gradle.internal.logging.text.StreamBackedStandardOutputListener::onOutput@5 (line 52)
                      ; - org.gradle.internal.logging.text.StreamingStyledTextOutput::doAppend@5 (line 55)
  0x000002bcdb90d3e0: 7cad 6eff 

  0x000002bcdb90d3e4: ;   {post_call_nop}
  0x000002bcdb90d3e4: 0f1f 8400 | dc13 0003 | 488d 8424 | d000 0000 | 4c8b 5c24 | 7841 8b87 | 5806 0000 | 4d8b 134d 
  0x000002bcdb90d404: 3b5c 07f8 | 0f85 2e00 | 0000 4183 | af58 0600 | 0008 4d3b | 5c07 f00f | 8465 0000 | 0049 8bc2 
  0x000002bcdb90d424: 4883 e0fc | 4983 ca01 | f04d 0fb1 | 130f 8575 | 2b00 00e9 | 4a00 0000 | 4983 ba86 | 0000 0000 
  0x000002bcdb90d444: 7539 49c7 | 423e 0000 | 0000 f083 | 4424 c000 | 498b 828e | 0000 0049 | 0b82 9600 | 0000 7422 
  0x000002bcdb90d464: 4983 ba9e | 0000 0000 | 7518 4983 | e2fd 4d89 | 9768 0500 | 0041 83ca | 01eb 0a49 | ff8a 8600 
  0x000002bcdb90d484: 0000 4533 | d20f 8556 | 0f00 004c | 8b54 2470 | 418b 6a10 

  0x000002bcdb90d498: ; implicit exception: dispatches to 0x000002bcdb90f500
  0x000002bcdb90d498: 458b 54ec 

  0x000002bcdb90d49c: ;   {metadata('java/io/PrintStream')}
  0x000002bcdb90d49c: 0841 81fa | 88bf 1600 | 0f85 660f | 0000 4d8d | 14ec 4c89 | 5424 2048 | 8d9c 24d0 | 0000 004c 
  0x000002bcdb90d4bc: 8b5c 2420 | 4d8b 1341 | 8b9f 5806 | 0000 41f6 | c202 0f85 | 3700 0000 | 81fb a706 | 0000 0f8f 
  0x000002bcdb90d4dc: 4b00 0000 | 4d3b 5c1f | f874 1649 | 8bc2 4883 | c801 4983 | e2fe f04d | 0fb1 130f | 852e 0000 
  0x000002bcdb90d4fc: 004d 891c | 1f41 8387 | 5806 0000 | 08eb 1e48 | 33c0 498b | 9f48 0400 | 00f0 490f | b15a 3e74 
  0x000002bcdb90d51c: 0c48 3bd8 | 7509 49ff | 8286 0000 | 0033 c00f | 85f7 0e00 | 004c 8b54 | 2420 418b | 6a10 458b 
  0x000002bcdb90d53c: ;   {metadata('java/io/FileOutputStream')}
  0x000002bcdb90d53c: 54ec 0841 | 81fa 6810 | 1700 0f85 | 4a03 0000 | 488d 8424 | d000 0000 | 4c8b 5c24 | 2041 8b87 
  0x000002bcdb90d55c: 5806 0000 | 4d8b 134d | 3b5c 07f8 | 0f85 2e00 | 0000 4183 | af58 0600 | 0008 4d3b | 5c07 f00f 
  0x000002bcdb90d57c: 8465 0000 | 0049 8bc2 | 4883 e0fc | 4983 ca01 | f04d 0fb1 | 130f 8508 | 2a00 00e9 | 4a00 0000 
  0x000002bcdb90d59c: 4983 ba86 | 0000 0000 | 7539 49c7 | 423e 0000 | 0000 f083 | 4424 c000 | 498b 828e | 0000 0049 
  0x000002bcdb90d5bc: 0b82 9600 | 0000 7422 | 4983 ba9e | 0000 0000 | 7518 4983 | e2fd 4d89 | 9768 0500 | 0041 83ca 
  0x000002bcdb90d5dc: 01eb 0a49 | ff8a 8600 | 0000 4533 | d20f 855e | 0e00 00c5 | f877 4881 | c400 0100 

  0x000002bcdb90d5f8: ;   {poll_return}
  0x000002bcdb90d5f8: 005d 493b | 6728 0f87 | 8529 0000 

  0x000002bcdb90d604: ;   {metadata('sun/nio/cs/SingleByte$Encoder')}
  0x000002bcdb90d604: c381 fa58 | 712b 000f | 85f3 1900 | 0089 4c24 | 4889 4424 | 3c4c 8954 | 2458 4889 | 7c24 5089 
  0x000002bcdb90d624: 7424 4c44 | 895c 2438 | 488b 6c24 | 304c 8bd3 | 4c89 5424 | 3048 8b54 | 2458 48ff | 7424 7848 
  0x000002bcdb90d644: 8f44 2468 

  0x000002bcdb90d648: ;   {optimized virtual_call}
  0x000002bcdb90d648: c5f8 77e8 

  0x000002bcdb90d64c: ; ImmutableOopMap {rbp=Oop [32]=Oop [40]=NarrowOop [44]=NarrowOop [48]=Oop [56]=NarrowOop [60]=NarrowOop [64]=Oop [72]=NarrowOop [76]=NarrowOop [80]=Oop [88]=Oop [104]=Oop [112]=Oop [120]=Oop [128]=Oop }
                      ;*invokevirtual hasArray {reexecute=0 rethrow=0 return_oop=0}
                      ; - sun.nio.cs.SingleByte$Encoder::encodeLoop@1 (line 275)
                      ; - java.nio.charset.CharsetEncoder::encode@57 (line 587)
                      ; - sun.nio.cs.StreamEncoder::implWrite@38 (line 280)
                      ; - sun.nio.cs.StreamEncoder::implWrite@11 (line 267)
                      ; - sun.nio.cs.StreamEncoder::write@60 (line 122)
                      ; - java.io.OutputStreamWriter::write@7 (line 206)
                      ; - java.io.BufferedWriter::flushBuffer@34 (line 168)
                      ; - java.io.PrintStream::write@20 (line 665)
                      ; - java.io.PrintStream::print@5 (line 838)
                      ; - java.io.PrintStream::append@5 (line 1276)
                      ; - java.io.PrintStream::append@2 (line 64)
                      ; - org.gradle.internal.logging.text.StreamBackedStandardOutputListener::onOutput@5 (line 52)
                      ; - org.gradle.internal.logging.text.StreamingStyledTextOutput::doAppend@5 (line 55)
  0x000002bcdb90d64c: 1014 62ff 

  0x000002bcdb90d650: ;   {post_call_nop}
  0x000002bcdb90d650: 0f1f 8400 | 4816 0004 | 85c0 0f84 | 230a 0000 | 448b 5424 | 3c45 85d2 | 0f84 e219 | 0000 49c1 
  0x000002bcdb90d670: e203 4c89 | 5424 6049 | 8bd2 6690 

  0x000002bcdb90d67c: ;   {optimized virtual_call}
  0x000002bcdb90d67c: c5f8 77e8 

  0x000002bcdb90d680: ; ImmutableOopMap {rbp=Oop [32]=Oop [40]=NarrowOop [44]=NarrowOop [48]=Oop [56]=NarrowOop [60]=NarrowOop [64]=Oop [72]=NarrowOop [76]=NarrowOop [80]=Oop [88]=Oop [96]=Oop [112]=Oop [120]=Oop [128]=Oop }
                      ;*invokevirtual hasArray {reexecute=0 rethrow=0 return_oop=0}
                      ; - sun.nio.cs.SingleByte$Encoder::encodeLoop@8 (line 275)
                      ; - java.nio.charset.CharsetEncoder::encode@57 (line 587)
                      ; - sun.nio.cs.StreamEncoder::implWrite@38 (line 280)
                      ; - sun.nio.cs.StreamEncoder::implWrite@11 (line 267)
                      ; - sun.nio.cs.StreamEncoder::write@60 (line 122)
                      ; - java.io.OutputStreamWriter::write@7 (line 206)
                      ; - java.io.BufferedWriter::flushBuffer@34 (line 168)
                      ; - java.io.PrintStream::write@20 (line 665)
                      ; - java.io.PrintStream::print@5 (line 838)
                      ; - java.io.PrintStream::append@5 (line 1276)
                      ; - java.io.PrintStream::append@2 (line 64)
                      ; - org.gradle.internal.logging.text.StreamBackedStandardOutputListener::onOutput@5 (line 52)
                      ; - org.gradle.internal.logging.text.StreamingStyledTextOutput::doAppend@5 (line 55)
  0x000002bcdb90d680: dc13 62ff 

  0x000002bcdb90d684: ;   {post_call_nop}
  0x000002bcdb90d684: 0f1f 8400 | 7c16 0005 | 85c0 0f84 | ef09 0000 | 488b 5424 | 304c 8b44 | 2458 4c8b | 4c24 6048 
  0x000002bcdb90d6a4: ff74 2478 | 488f 4424 | 6866 6690 

  0x000002bcdb90d6b0: ;   {optimized virtual_call}
  0x000002bcdb90d6b0: c5f8 77e8 

  0x000002bcdb90d6b4: ; ImmutableOopMap {rbp=Oop [32]=Oop [40]=NarrowOop [44]=NarrowOop [48]=Oop [56]=NarrowOop [60]=NarrowOop [64]=Oop [72]=NarrowOop [76]=NarrowOop [80]=Oop [88]=Oop [104]=Oop [112]=Oop [120]=Oop [128]=Oop }
                      ;*invokevirtual encodeArrayLoop {reexecute=0 rethrow=0 return_oop=1}
                      ; - sun.nio.cs.SingleByte$Encoder::encodeLoop@17 (line 276)
                      ; - java.nio.charset.CharsetEncoder::encode@57 (line 587)
                      ; - sun.nio.cs.StreamEncoder::implWrite@38 (line 280)
                      ; - sun.nio.cs.StreamEncoder::implWrite@11 (line 267)
                      ; - sun.nio.cs.StreamEncoder::write@60 (line 122)
                      ; - java.io.OutputStreamWriter::write@7 (line 206)
                      ; - java.io.BufferedWriter::flushBuffer@34 (line 168)
                      ; - java.io.PrintStream::write@20 (line 665)
                      ; - java.io.PrintStream::print@5 (line 838)
                      ; - java.io.PrintStream::append@5 (line 1276)
                      ; - java.io.PrintStream::append@2 (line 64)
                      ; - org.gradle.internal.logging.text.StreamBackedStandardOutputListener::onOutput@5 (line 52)
                      ; - org.gradle.internal.logging.text.StreamingStyledTextOutput::doAppend@5 (line 55)
  0x000002bcdb90d6b4: a813 62ff 

  0x000002bcdb90d6b8: ;   {post_call_nop}
  0x000002bcdb90d6b8: 0f1f 8400 | b016 0006 | 4c8b d04d | 8bc2 4d85 | d20f 85a3 | f6ff ffba | f6ff ffff | 488b 6c24 
  0x000002bcdb90d6d8: 204c 8b54 | 2470 4c89 | 5424 204c | 8b54 2478 | 4c89 5424 | 404c 8954 | 2450 6690 

  0x000002bcdb90d6f4: ;   {runtime_call UncommonTrapBlob}
  0x000002bcdb90d6f4: c5f8 77e8 

  0x000002bcdb90d6f8: ; ImmutableOopMap {rbp=Oop [32]=Oop [40]=NarrowOop [44]=NarrowOop [56]=NarrowOop [60]=NarrowOop [64]=Oop [72]=NarrowOop [76]=NarrowOop [80]=Oop [88]=Oop }
                      ;*invokevirtual isOverflow {reexecute=0 rethrow=0 return_oop=0}
                      ; - java.nio.charset.CharsetEncoder::encode@79 (line 592)
                      ; - sun.nio.cs.StreamEncoder::implWrite@38 (line 280)
                      ; - sun.nio.cs.StreamEncoder::implWrite@11 (line 267)
                      ; - sun.nio.cs.StreamEncoder::write@60 (line 122)
                      ; - java.io.OutputStreamWriter::write@7 (line 206)
                      ; - java.io.BufferedWriter::flushBuffer@34 (line 168)
                      ; - java.io.PrintStream::write@20 (line 665)
                      ; - java.io.PrintStream::print@5 (line 838)
                      ; - java.io.PrintStream::append@5 (line 1276)
                      ; - java.io.PrintStream::append@2 (line 64)
                      ; - org.gradle.internal.logging.text.StreamBackedStandardOutputListener::onOutput@5 (line 52)
                      ; - org.gradle.internal.logging.text.StreamingStyledTextOutput::doAppend@5 (line 55)
  0x000002bcdb90d6f8: 64aa 6eff 

  0x000002bcdb90d6fc: ;   {post_call_nop}
  0x000002bcdb90d6fc: 0f1f 8400 | f416 0007 | 895c 243c | 4c89 5424 | 5848 897c | 2450 8974 | 244c 4489 | 5c24 3848 
  0x000002bcdb90d71c: 8bac 2480 | 0000 0048 | 8b54 2440 | 48ff 7424 | 7848 8f44 | 2468 6690 

  0x000002bcdb90d734: ;   {optimized virtual_call}
  0x000002bcdb90d734: c5f8 77e8 

  0x000002bcdb90d738: ; ImmutableOopMap {rbp=Oop [32]=Oop [40]=NarrowOop [44]=NarrowOop [48]=Oop [56]=NarrowOop [64]=Oop [76]=NarrowOop [80]=Oop [88]=Oop [104]=Oop [112]=Oop [120]=Oop }
                      ;*invokevirtual implFlushBuffer {reexecute=0 rethrow=0 return_oop=0}
                      ; - sun.nio.cs.StreamEncoder::growByteBufferIfNeeded@46 (line 307)
                      ; - sun.nio.cs.StreamEncoder::implWrite@18 (line 277)
                      ; - sun.nio.cs.StreamEncoder::implWrite@11 (line 267)
                      ; - sun.nio.cs.StreamEncoder::write@60 (line 122)
                      ; - java.io.OutputStreamWriter::write@7 (line 206)
                      ; - java.io.BufferedWriter::flushBuffer@34 (line 168)
                      ; - java.io.PrintStream::write@20 (line 665)
                      ; - java.io.PrintStream::print@5 (line 838)
                      ; - java.io.PrintStream::append@5 (line 1276)
                      ; - java.io.PrintStream::append@2 (line 64)
                      ; - org.gradle.internal.logging.text.StreamBackedStandardOutputListener::onOutput@5 (line 52)
                      ; - org.gradle.internal.logging.text.StreamingStyledTextOutput::doAppend@5 (line 55)
  0x000002bcdb90d738: 2413 62ff 

  0x000002bcdb90d73c: ;   {post_call_nop}
  0x000002bcdb90d73c: 0f1f 8400 | 3417 0008 | 8b54 243c 

  0x000002bcdb90d748: ;   {static_call}
  0x000002bcdb90d748: c5f8 77e8 

  0x000002bcdb90d74c: ; ImmutableOopMap {rbp=Oop [32]=Oop [40]=NarrowOop [44]=NarrowOop [48]=Oop [56]=NarrowOop [64]=Oop [76]=NarrowOop [80]=Oop [88]=Oop [104]=Oop [112]=Oop [120]=Oop }
                      ;*invokestatic allocate {reexecute=0 rethrow=0 return_oop=1}
                      ; - sun.nio.cs.StreamEncoder::growByteBufferIfNeeded@52 (line 308)
                      ; - sun.nio.cs.StreamEncoder::implWrite@18 (line 277)
                      ; - sun.nio.cs.StreamEncoder::implWrite@11 (line 267)
                      ; - sun.nio.cs.StreamEncoder::write@60 (line 122)
                      ; - java.io.OutputStreamWriter::write@7 (line 206)
                      ; - java.io.BufferedWriter::flushBuffer@34 (line 168)
                      ; - java.io.PrintStream::write@20 (line 665)
                      ; - java.io.PrintStream::print@5 (line 838)
                      ; - java.io.PrintStream::append@5 (line 1276)
                      ; - java.io.PrintStream::append@2 (line 64)
                      ; - org.gradle.internal.logging.text.StreamBackedStandardOutputListener::onOutput@5 (line 52)
                      ; - org.gradle.internal.logging.text.StreamingStyledTextOutput::doAppend@5 (line 55)
  0x000002bcdb90d74c: 1019 62ff 

  0x000002bcdb90d750: ;   {post_call_nop}
  0x000002bcdb90d750: 0f1f 8400 | 4817 0009 | 4c8b 5424 | 5845 8b42 | 1845 8b4a | 1c44 8b5c | 2438 4b8d | 7cdc 2441 
  0x000002bcdb90d770: 807f 4800 | 0f85 9e26 | 0000 488b | d848 c1eb | 0389 1f48 | 8bcf 4833 | c848 c1e9 | 150f 8427 
  0x000002bcdb90d790: 0000 0048 | 83f8 000f | 841d 0000 | 0048 8bcf | 48c1 e909 | 48bb 0000 | 66e0 bc02 | 0000 4803 
  0x000002bcdb90d7b0: cb80 3902 | 0f85 ed26 | 0000 4889 | ac24 8000 | 0000 8b74 | 244c 488b | 7c24 50e9 | 2ff3 ffff 
  0x000002bcdb90d7d0: 488d 8424 | d800 0000 | 418b 8758 | 0600 004c | 8b11 493b | 4c07 f80f | 852e 0000 | 0041 83af 
  0x000002bcdb90d7f0: 5806 0000 | 0849 3b4c | 07f0 0f84 | 6500 0000 | 498b c248 | 83e0 fc49 | 83ca 01f0 | 4c0f b111 
  0x000002bcdb90d810: 0f85 6627 | 0000 e94a | 0000 0049 | 83ba 8600 | 0000 0075 | 3949 c742 | 3e00 0000 | 00f0 8344 
  0x000002bcdb90d830: 24c0 0049 | 8b82 8e00 | 0000 490b | 8296 0000 | 0074 2249 | 83ba 9e00 | 0000 0075 

  0x000002bcdb90d84c: ;   {no_reloc}
  0x000002bcdb90d84c: 1849 83e2 | fd4d 8997 | 6805 0000 | 4183 ca01 | eb0a 49ff | 8a86 0000 | 0045 33d2 | 0f84 88f6 
  0x000002bcdb90d86c: ffff 488d | 9424 d800 | 0000 4d8b | c7c5 f877 | 49ba e00f | dbe7 fb7f | 0000 41ff 

  0x000002bcdb90d888: ;   {post_call_nop}
  0x000002bcdb90d888: d20f 1f84 | 0000 0000 | 00e9 60f6 

  0x000002bcdb90d894: ;   {metadata('java/io/BufferedOutputStream')}
  0x000002bcdb90d894: ffff 4181 | fa48 de16 | 000f 85e5 | 1700 004d | 8d14 ec49 | 8bea 488d | 9c24 d800 | 0000 4c8b 
  0x000002bcdb90d8b4: 5500 418b | 9f58 0600 | 0041 f6c2 | 020f 8538 | 0000 0081 | fba7 0600 | 000f 8f4c | 0000 0049 
  0x000002bcdb90d8d4: 3b6c 1ff8 | 7417 498b | c248 83c8 | 0149 83e2 | fef0 4c0f | b155 000f | 852e 0000 | 0049 892c 
  0x000002bcdb90d8f4: 1f41 8387 | 5806 0000 | 08eb 1e48 | 33c0 498b | 9f48 0400 | 00f0 490f | b15a 3e74 | 0c48 3bd8 
  0x000002bcdb90d914: 7509 49ff | 8286 0000 | 0033 c00f | 857b 1700 | 0048 ff74 | 2420 488f | 4424 4048 | 8bd5 6690 
  0x000002bcdb90d934: ;   {optimized virtual_call}
  0x000002bcdb90d934: c5f8 77e8 

  0x000002bcdb90d938: ; ImmutableOopMap {rbp=Oop [64]=Oop }
                      ;*invokevirtual flushBuffer {reexecute=0 rethrow=0 return_oop=0}
                      ; - java.io.BufferedOutputStream::flush@1 (line 203)
                      ; - java.io.PrintStream::flush@12 (line 406)
                      ; - org.gradle.internal.logging.text.StreamBackedStandardOutputListener::onOutput@15 (line 53)
                      ; - org.gradle.internal.logging.text.StreamingStyledTextOutput::doAppend@5 (line 55)
  0x000002bcdb90d938: 2411 62ff 

  0x000002bcdb90d93c: ;   {post_call_nop}
  0x000002bcdb90d93c: 0f1f 8400 | 3419 000a | 448b 5d10 | 498b d348 | c1e2 0366 | 6690 c5f8 | 7748 b870 | 0ee6 ecbc 
  0x000002bcdb90d95c: ;   {virtual_call}
  0x000002bcdb90d95c: 0200 00e8 

  0x000002bcdb90d960: ; ImmutableOopMap {rbp=Oop [64]=Oop }
                      ;*invokevirtual flush {reexecute=0 rethrow=0 return_oop=0}
                      ; - java.io.BufferedOutputStream::flush@8 (line 204)
                      ; - java.io.PrintStream::flush@12 (line 406)
                      ; - org.gradle.internal.logging.text.StreamBackedStandardOutputListener::onOutput@15 (line 53)
                      ; - org.gradle.internal.logging.text.StreamingStyledTextOutput::doAppend@5 (line 55)
  0x000002bcdb90d960: fc13 62ff 

  0x000002bcdb90d964: ;   {post_call_nop}
  0x000002bcdb90d964: 0f1f 8400 | 5c19 000b | 488d 8424 | d800 0000 | 418b 8758 | 0600 004c | 8b55 0049 | 3b6c 07f8 
  0x000002bcdb90d984: 0f85 2f00 | 0000 4183 | af58 0600 | 0008 493b | 6c07 f00f | 8466 0000 | 0049 8bc2 | 4883 e0fc 
  0x000002bcdb90d9a4: 4983 ca01 | f04c 0fb1 | 5500 0f85 | bb25 0000 | e94a 0000 | 0049 83ba | 8600 0000 | 0075 3949 
  0x000002bcdb90d9c4: c742 3e00 | 0000 00f0 | 8344 24c0 | 0049 8b82 | 8e00 0000 | 490b 8296 | 0000 0074 | 2249 83ba 
  0x000002bcdb90d9e4: 9e00 0000 | 0075 1849 | 83e2 fd4d | 8997 6805 | 0000 4183 | ca01 eb0a | 49ff 8a86 | 0000 0045 
  0x000002bcdb90da04: 33d2 0f85 | c116 0000 | 48ff 7424 | 4048 8f44 | 2420 e931 | fbff ff89 | 5c24 6048 | 897c 2458 
  0x000002bcdb90da24: 4c8b 5424 | 404c 8954 | 2450 8974 | 244c 4489 | 5c24 4844 | 894c 2440 | 4c8b 5424 | 304c 8954 
  0x000002bcdb90da44: 2438 4c8b | 9424 8000 | 0000 4c89 | 5424 304b | 8d2c c444 | 8944 2444 

  0x000002bcdb90da5c: ;   {metadata('java/nio/HeapCharBuffer')}
  0x000002bcdb90da5c: 48ba c8b8 | 3680 bc02 | 0000 6690 

  0x000002bcdb90da68: ;   {runtime_call C2 Runtime new_instance}
  0x000002bcdb90da68: c5f8 77e8 

  0x000002bcdb90da6c: ; ImmutableOopMap {rbp=Oop [32]=Oop [40]=NarrowOop [44]=NarrowOop [48]=Oop [56]=Oop [68]=NarrowOop [72]=NarrowOop [76]=NarrowOop [80]=Oop [88]=Oop [112]=Oop [120]=Oop }
                      ;*new {reexecute=0 rethrow=0 return_oop=1}
                      ; - java.nio.CharBuffer::wrap@0 (line 443)
                      ; - sun.nio.cs.StreamEncoder::implWrite@3 (line 266)
                      ; - sun.nio.cs.StreamEncoder::write@60 (line 122)
                      ; - java.io.OutputStreamWriter::write@7 (line 206)
                      ; - java.io.BufferedWriter::flushBuffer@34 (line 168)
                      ; - java.io.PrintStream::write@20 (line 665)
                      ; - java.io.PrintStream::print@5 (line 838)
                      ; - java.io.PrintStream::append@5 (line 1276)
                      ; - java.io.PrintStream::append@2 (line 64)
                      ; - org.gradle.internal.logging.text.StreamBackedStandardOutputListener::onOutput@5 (line 52)
                      ; - org.gradle.internal.logging.text.StreamingStyledTextOutput::doAppend@5 (line 55)
  0x000002bcdb90da6c: f09d 6eff 

  0x000002bcdb90da70: ;   {post_call_nop}
  0x000002bcdb90da70: 0f1f 8400 | 681a 000c | 4c8b 5424 | 304c 8994 | 2480 0000 | 004c 8b54 | 2438 4c89 | 5424 3044 
  0x000002bcdb90da90: 8b4c 2440 | 448b 4424 | 4444 8b5c | 2448 8b74 | 244c 4c8b | 5424 504c | 8954 2440 | 488b 7c24 
  0x000002bcdb90dab0: 588b 5c24 | 60e9 23ef 

  0x000002bcdb90dab8: ;   {metadata('java/io/FileOutputStream')}
  0x000002bcdb90dab8: ffff 81fd | 6810 1700 | 0f85 3216 | 0000 4c8b | f141 8b4e | 1041 0fb6 

  0x000002bcdb90dad0: ;   {oop(a 'java/lang/Class'{0x0000000700c14018} = 'java/io/FileOutputStream')}
  0x000002bcdb90dad0: 4ccc 1948 | bb18 40c1 | 0007 0000 | 000f b66b | 7485 ed0f | 8557 1800 | 008b c145 | 8bda 4c8b 
  0x000002bcdb90daf0: 5424 384c | 896c 2430 | 8974 242c | 4489 4424 | 2849 8bd6 | 4c8b c741 | 8bfb 8bf0 | 48ff 7424 
  0x000002bcdb90db10: 7848 8f44 | 2438 4c89 | 5424 6090 

  0x000002bcdb90db1c: ;   {optimized virtual_call}
  0x000002bcdb90db1c: c5f8 77e8 

  0x000002bcdb90db20: ; ImmutableOopMap {[32]=Oop [40]=NarrowOop [44]=NarrowOop [48]=Oop [56]=Oop [96]=Oop [112]=Oop [120]=Oop }
                      ;*invokevirtual writeBytes {reexecute=0 rethrow=0 return_oop=0}
                      ; - java.io.FileOutputStream::write@42 (line 360)
                      ; - sun.nio.cs.StreamEncoder::writeBytes@81 (line 220)
                      ; - sun.nio.cs.StreamEncoder::implFlushBuffer@11 (line 315)
                      ; - sun.nio.cs.StreamEncoder::flushBuffer@15 (line 101)
                      ; - java.io.OutputStreamWriter::flushBuffer@4 (line 179)
                      ; - java.io.PrintStream::write@27 (line 666)
                      ; - java.io.PrintStream::print@5 (line 838)
                      ; - java.io.PrintStream::append@5 (line 1276)
                      ; - java.io.PrintStream::append@2 (line 64)
                      ; - org.gradle.internal.logging.text.StreamBackedStandardOutputListener::onOutput@5 (line 52)
                      ; - org.gradle.internal.logging.text.StreamingStyledTextOutput::doAppend@5 (line 55)
  0x000002bcdb90db20: 3c0f 62ff 

  0x000002bcdb90db24: ;   {post_call_nop}
  0x000002bcdb90db24: 0f1f 8400 | 1c1b 000d | e9b9 f6ff 

  0x000002bcdb90db30: ;   {metadata('java/io/BufferedOutputStream')}
  0x000002bcdb90db30: ff81 f848 | de16 000f | 85fb 1500 | 0048 8beb | 488d 9c24 | e800 0000 | 4c8b 7500 | 418b 9f58 
  0x000002bcdb90db50: 0600 0041 | f6c6 020f | 8538 0000 | 0081 fba7 | 0600 000f | 8f4c 0000 | 0049 3b6c | 1ff8 7417 
  0x000002bcdb90db70: 498b c648 | 83c8 0149 | 83e6 fef0 | 4c0f b175 | 000f 852e | 0000 0049 | 892c 1f41 | 8387 5806 
  0x000002bcdb90db90: 0000 08eb | 1e48 33c0 | 498b 9f48 | 0400 00f0 | 490f b15e | 3e74 0c48 | 3bd8 7509 | 49ff 8686 
  0x000002bcdb90dbb0: 0000 0033 | c00f 85c9 | 1500 008b | 5d1c 443b | d30f 8de3 | 0100 0048 | 896c 2460 | 4889 4c24 
  0x000002bcdb90dbd0: 4048 897c | 2458 4489 | 4c24 5089 | 5424 4c44 | 895c 2448 | 418b ea4c | 896c 2430 | 8974 242c 
  0x000002bcdb90dbf0: 4489 4424 | 2848 8b54 | 2460 458b | c266 6690 

  0x000002bcdb90dc00: ;   {optimized virtual_call}
  0x000002bcdb90dc00: c5f8 77e8 

  0x000002bcdb90dc04: ; ImmutableOopMap {[32]=Oop [40]=NarrowOop [44]=NarrowOop [48]=Oop [56]=Oop [64]=Oop [72]=NarrowOop [88]=Oop [96]=Oop [112]=Oop [120]=Oop }
                      ;*invokevirtual growIfNeeded {reexecute=0 rethrow=0 return_oop=0}
                      ; - java.io.BufferedOutputStream::write@25 (line 186)
                      ; - java.io.PrintStream::write@16 (line 539)
                      ; - sun.nio.cs.StreamEncoder::writeBytes@81 (line 220)
                      ; - sun.nio.cs.StreamEncoder::implFlushBuffer@11 (line 315)
                      ; - sun.nio.cs.StreamEncoder::flushBuffer@15 (line 101)
                      ; - java.io.OutputStreamWriter::flushBuffer@4 (line 179)
                      ; - java.io.PrintStream::write@27 (line 666)
                      ; - java.io.PrintStream::print@5 (line 838)
                      ; - java.io.PrintStream::append@5 (line 1276)
                      ; - java.io.PrintStream::append@2 (line 64)
                      ; - org.gradle.internal.logging.text.StreamBackedStandardOutputListener::onOutput@5 (line 52)
                      ; - org.gradle.internal.logging.text.StreamingStyledTextOutput::doAppend@5 (line 55)
  0x000002bcdb90dc04: 580e 62ff 

  0x000002bcdb90dc08: ;   {post_call_nop}
  0x000002bcdb90dc08: 0f1f 8400 | 001c 000e | 488b 5c24 | 6044 8b4b | 2047 8b5c | cc0c 448b | 4318 452b | d88b fd41 
  0x000002bcdb90dc28: 3bfb 7e3e | 897c 2454 | 488b d348 | ff74 2478 | 488f 4424 | 6866 6690 

  0x000002bcdb90dc40: ;   {optimized virtual_call}
  0x000002bcdb90dc40: c5f8 77e8 

  0x000002bcdb90dc44: ; ImmutableOopMap {[32]=Oop [40]=NarrowOop [44]=NarrowOop [48]=Oop [56]=Oop [64]=Oop [72]=NarrowOop [88]=Oop [96]=Oop [104]=Oop [112]=Oop [120]=Oop }
                      ;*invokevirtual flushBuffer {reexecute=0 rethrow=0 return_oop=0}
                      ; - java.io.BufferedOutputStream::write@43 (line 188)
                      ; - java.io.PrintStream::write@16 (line 539)
                      ; - sun.nio.cs.StreamEncoder::writeBytes@81 (line 220)
                      ; - sun.nio.cs.StreamEncoder::implFlushBuffer@11 (line 315)
                      ; - sun.nio.cs.StreamEncoder::flushBuffer@15 (line 101)
                      ; - java.io.OutputStreamWriter::flushBuffer@4 (line 179)
                      ; - java.io.PrintStream::write@27 (line 666)
                      ; - java.io.PrintStream::print@5 (line 838)
                      ; - java.io.PrintStream::append@5 (line 1276)
                      ; - java.io.PrintStream::append@2 (line 64)
                      ; - org.gradle.internal.logging.text.StreamBackedStandardOutputListener::onOutput@5 (line 52)
                      ; - org.gradle.internal.logging.text.StreamingStyledTextOutput::doAppend@5 (line 55)
  0x000002bcdb90dc44: 180e 62ff 

  0x000002bcdb90dc48: ;   {post_call_nop}
  0x000002bcdb90dc48: 0f1f 8400 | 401c 000f | 488b 5c24 | 6044 8b4b | 2044 8b43 | 1845 85c9 | 0f84 2617 | 0000 8b7c 
  0x000002bcdb90dc68: 2454 448b | 5c24 5045 | 85db 0f8c | 7016 0000 | 4585 c00f | 8c67 1600 | 0046 8d14 | 1f8b 5424 
  0x000002bcdb90dc88: 4c41 3bd2 | 0f82 5616 | 0000 478b | 54cc 0c41 | 8d14 3844 | 3bd2 0f82 | 4416 0000 | 85ff 742e 
  0x000002bcdb90dca8: 4c8b 5424 | 584b 8d4c | 1a10 4f8d | 14cc 4b8d | 5402 104c | 63c7 c5f8 | 7749 ba60 | 36f1 dabc 
  0x000002bcdb90dcc8: 0200 0041 

  0x000002bcdb90dccc: ;   {post_call_nop}
  0x000002bcdb90dccc: ffd2 0f1f | 8400 0000 | 0000 448b | 5b18 4403 | df44 895b | 1848 8d84 | 24e8 0000 | 0041 8b87 
  0x000002bcdb90dcec: 5806 0000 | 4c8b 1349 | 3b5c 07f8 | 0f85 2e00 | 0000 4183 | af58 0600 | 0008 493b | 5c07 f00f 
  0x000002bcdb90dd0c: 8465 0000 | 0049 8bc2 | 4883 e0fc | 4983 ca01 | f04c 0fb1 | 130f 853b | 2200 00e9 | 4a00 0000 
  0x000002bcdb90dd2c: 4983 ba86 | 0000 0000 | 7539 49c7 | 423e 0000 | 0000 f083 | 4424 c000 | 498b 828e | 0000 0049 
  0x000002bcdb90dd4c: 0b82 9600 | 0000 7422 | 4983 ba9e | 0000 0000 | 7518 4983 | e2fd 4d89 | 9768 0500 | 0041 83ca 
  0x000002bcdb90dd6c: 01eb 0a49 | ff8a 8600 | 0000 4533 | d20f 84a5 | f3ff ff48 | 8bcb 488d | 9424 e800 | 0000 4d8b 
  0x000002bcdb90dd8c: c7c5 f877 | 49ba e00f | dbe7 fb7f | 0000 41ff 

  0x000002bcdb90dd9c: ;   {post_call_nop}
  0x000002bcdb90dd9c: d20f 1f84 | 0000 0000 | 00e9 7af3 | ffff 4889 | 6c24 6048 | 894c 2440 | 4889 7c24 | 5044 894c 
  0x000002bcdb90ddbc: 2448 418b | ea4c 896c | 2430 8974 | 242c 4489 | 4424 2848 | 8b54 2460 | 48ff 7424 | 7848 8f44 
  0x000002bcdb90dddc: 2468 6690 

  0x000002bcdb90dde0: ;   {optimized virtual_call}
  0x000002bcdb90dde0: c5f8 77e8 

  0x000002bcdb90dde4: ; ImmutableOopMap {[32]=Oop [40]=NarrowOop [44]=NarrowOop [48]=Oop [56]=Oop [64]=Oop [80]=Oop [96]=Oop [104]=Oop [112]=Oop [120]=Oop }
                      ;*invokevirtual flushBuffer {reexecute=0 rethrow=0 return_oop=0}
                      ; - java.io.BufferedOutputStream::write@9 (line 182)
                      ; - java.io.PrintStream::write@16 (line 539)
                      ; - sun.nio.cs.StreamEncoder::writeBytes@81 (line 220)
                      ; - sun.nio.cs.StreamEncoder::implFlushBuffer@11 (line 315)
                      ; - sun.nio.cs.StreamEncoder::flushBuffer@15 (line 101)
                      ; - java.io.OutputStreamWriter::flushBuffer@4 (line 179)
                      ; - java.io.PrintStream::write@27 (line 666)
                      ; - java.io.PrintStream::print@5 (line 838)
                      ; - java.io.PrintStream::append@5 (line 1276)
                      ; - java.io.PrintStream::append@2 (line 64)
                      ; - org.gradle.internal.logging.text.StreamBackedStandardOutputListener::onOutput@5 (line 52)
                      ; - org.gradle.internal.logging.text.StreamingStyledTextOutput::doAppend@5 (line 55)
  0x000002bcdb90dde4: 780c 62ff 

  0x000002bcdb90dde8: ;   {post_call_nop}
  0x000002bcdb90dde8: 0f1f 8400 | e01d 0010 | 4c8b 5424 | 6045 8b5a | 1049 8bd3 | 48c1 e203 | 4c8b 4424 | 5044 8b4c 
  0x000002bcdb90de08: 2448 8bfd | 48ff 7424 | 6848 8f44 | 2448 c5f8 | 7748 b898 | 0ee6 ecbc 

  0x000002bcdb90de20: ;   {virtual_call}
  0x000002bcdb90de20: 0200 00e8 

  0x000002bcdb90de24: ; ImmutableOopMap {[32]=Oop [40]=NarrowOop [44]=NarrowOop [48]=Oop [56]=Oop [64]=Oop [72]=Oop [96]=Oop [112]=Oop [120]=Oop }
                      ;*invokevirtual write {reexecute=0 rethrow=0 return_oop=0}
                      ; - java.io.BufferedOutputStream::write@19 (line 183)
                      ; - java.io.PrintStream::write@16 (line 539)
                      ; - sun.nio.cs.StreamEncoder::writeBytes@81 (line 220)
                      ; - sun.nio.cs.StreamEncoder::implFlushBuffer@11 (line 315)
                      ; - sun.nio.cs.StreamEncoder::flushBuffer@15 (line 101)
                      ; - java.io.OutputStreamWriter::flushBuffer@4 (line 179)
                      ; - java.io.PrintStream::write@27 (line 666)
                      ; - java.io.PrintStream::print@5 (line 838)
                      ; - java.io.PrintStream::append@5 (line 1276)
                      ; - java.io.PrintStream::append@2 (line 64)
                      ; - org.gradle.internal.logging.text.StreamBackedStandardOutputListener::onOutput@5 (line 52)
                      ; - org.gradle.internal.logging.text.StreamingStyledTextOutput::doAppend@5 (line 55)
  0x000002bcdb90de24: 380f 62ff 

  0x000002bcdb90de28: ;   {post_call_nop}
  0x000002bcdb90de28: 0f1f 8400 | 201e 0011 | 4c8b 5c24 | 6048 8d84 | 24e8 0000 | 0041 8b87 | 5806 0000 | 4d8b 134d 
  0x000002bcdb90de48: 3b5c 07f8 | 0f85 2e00 | 0000 4183 | af58 0600 | 0008 4d3b | 5c07 f00f | 8465 0000 | 0049 8bc2 
  0x000002bcdb90de68: 4883 e0fc | 4983 ca01 | f04d 0fb1 | 130f 85da | 2000 00e9 | 4a00 0000 | 4983 ba86 | 0000 0000 
  0x000002bcdb90de88: 7539 49c7 | 423e 0000 | 0000 f083 | 4424 c000 | 498b 828e | 0000 0049 | 0b82 9600 | 0000 7422 
  0x000002bcdb90dea8: 4983 ba9e | 0000 0000 | 7518 4983 | e2fd 4d89 | 9768 0500 | 0041 83ca | 01eb 0a49 | ff8a 8600 
  0x000002bcdb90dec8: 0000 4533 | d20f 8451 | f2ff ff49 | 8bcb 488d | 9424 e800 | 0000 4d8b | c7c5 f877 | 49ba e00f 
  0x000002bcdb90dee8: dbe7 fb7f | 0000 41ff 

  0x000002bcdb90def0: ;   {post_call_nop}
  0x000002bcdb90def0: d20f 1f84 | 0000 0000 | 00e9 26f2 

  0x000002bcdb90defc: ;   {metadata('java/io/BufferedOutputStream')}
  0x000002bcdb90defc: ffff 4181 | fa48 de16 | 000f 8542 | 1300 004d | 8d14 ec4d | 8bda 488d | 9c24 e800 | 0000 4d8b 
  0x000002bcdb90df1c: 1341 8b9f | 5806 0000 | 41f6 c202 | 0f85 3700 | 0000 81fb | a706 0000 | 0f8f 4b00 | 0000 4d3b 
  0x000002bcdb90df3c: 5c1f f874 | 1649 8bc2 | 4883 c801 | 4983 e2fe | f04d 0fb1 | 130f 852e | 0000 004d | 891c 1f41 
  0x000002bcdb90df5c: 8387 5806 | 0000 08eb | 1e48 33c0 | 498b 9f48 | 0400 00f0 | 490f b15a | 3e74 0c48 | 3bd8 7509 
  0x000002bcdb90df7c: 49ff 8286 | 0000 0033 | c00f 85f5 | 1200 0049 | 8beb 4c89 | 4424 4049 | 8bd3 48ff | 7424 7848 
  0x000002bcdb90df9c: 8f44 2450 

  0x000002bcdb90dfa0: ;   {optimized virtual_call}
  0x000002bcdb90dfa0: c5f8 77e8 

  0x000002bcdb90dfa4: ; ImmutableOopMap {rbp=Oop [32]=Oop [40]=NarrowOop [44]=NarrowOop [48]=Oop [56]=Oop [64]=Oop [80]=Oop [112]=Oop [120]=Oop }
                      ;*invokevirtual flushBuffer {reexecute=0 rethrow=0 return_oop=0}
                      ; - java.io.BufferedOutputStream::flush@1 (line 203)
                      ; - java.io.PrintStream::write@30 (line 541)
                      ; - sun.nio.cs.StreamEncoder::writeBytes@81 (line 220)
                      ; - sun.nio.cs.StreamEncoder::implFlushBuffer@11 (line 315)
                      ; - sun.nio.cs.StreamEncoder::flushBuffer@15 (line 101)
                      ; - java.io.OutputStreamWriter::flushBuffer@4 (line 179)
                      ; - java.io.PrintStream::write@27 (line 666)
                      ; - java.io.PrintStream::print@5 (line 838)
                      ; - java.io.PrintStream::append@5 (line 1276)
                      ; - java.io.PrintStream::append@2 (line 64)
                      ; - org.gradle.internal.logging.text.StreamBackedStandardOutputListener::onOutput@5 (line 52)
                      ; - org.gradle.internal.logging.text.StreamingStyledTextOutput::doAppend@5 (line 55)
  0x000002bcdb90dfa4: b80a 62ff 

  0x000002bcdb90dfa8: ;   {post_call_nop}
  0x000002bcdb90dfa8: 0f1f 8400 | a01f 0012 | 448b 5d10 | 498b d348 | c1e2 0366 | 6690 c5f8 | 7748 b8c0 | 0ee6 ecbc 
  0x000002bcdb90dfc8: ;   {virtual_call}
  0x000002bcdb90dfc8: 0200 00e8 

  0x000002bcdb90dfcc: ; ImmutableOopMap {rbp=Oop [32]=Oop [40]=NarrowOop [44]=NarrowOop [48]=Oop [56]=Oop [64]=Oop [80]=Oop [112]=Oop [120]=Oop }
                      ;*invokevirtual flush {reexecute=0 rethrow=0 return_oop=0}
                      ; - java.io.BufferedOutputStream::flush@8 (line 204)
                      ; - java.io.PrintStream::write@30 (line 541)
                      ; - sun.nio.cs.StreamEncoder::writeBytes@81 (line 220)
                      ; - sun.nio.cs.StreamEncoder::implFlushBuffer@11 (line 315)
                      ; - sun.nio.cs.StreamEncoder::flushBuffer@15 (line 101)
                      ; - java.io.OutputStreamWriter::flushBuffer@4 (line 179)
                      ; - java.io.PrintStream::write@27 (line 666)
                      ; - java.io.PrintStream::print@5 (line 838)
                      ; - java.io.PrintStream::append@5 (line 1276)
                      ; - java.io.PrintStream::append@2 (line 64)
                      ; - org.gradle.internal.logging.text.StreamBackedStandardOutputListener::onOutput@5 (line 52)
                      ; - org.gradle.internal.logging.text.StreamingStyledTextOutput::doAppend@5 (line 55)
  0x000002bcdb90dfcc: 900d 62ff 

  0x000002bcdb90dfd0: ;   {post_call_nop}
  0x000002bcdb90dfd0: 0f1f 8400 | c81f 0013 | 4c8b dd48 | 8d84 24e8 | 0000 0041 | 8b87 5806 | 0000 4d8b | 134d 3b5c 
  0x000002bcdb90dff0: 07f8 0f85 | 2e00 0000 | 4183 af58 | 0600 0008 | 4d3b 5c07 | f00f 8465 | 0000 0049 | 8bc2 4883 
  0x000002bcdb90e010: e0fc 4983 | ca01 f04d | 0fb1 130f | 8527 1f00 | 00e9 4a00 | 0000 4983 | ba86 0000 | 0000 7539 
  0x000002bcdb90e030: 49c7 423e | 0000 0000 | f083 4424 | c000 498b | 828e 0000 | 0049 0b82 | 9600 0000 | 7422 4983 
  0x000002bcdb90e050: ba9e 0000 | 0000 7518 | 4983 e2fd | 4d89 9768 | 0500 0041 | 83ca 01eb | 0a49 ff8a | 8600 0000 
  0x000002bcdb90e070: 4533 d20f | 8544 1200 | 004c 8b44 | 2440 e9c9 | f0ff ff44 | 8b5c 243c | 4d8b cb49 | c1e1 0348 
  0x000002bcdb90e090: 8b54 2430 | 4c8b 4424 | 5848 ff74 | 2478 488f | 4424 6890 

  0x000002bcdb90e0a4: ;   {optimized virtual_call}
  0x000002bcdb90e0a4: c5f8 77e8 

  0x000002bcdb90e0a8: ; ImmutableOopMap {rbp=Oop [32]=Oop [40]=NarrowOop [44]=NarrowOop [48]=Oop [56]=NarrowOop [60]=NarrowOop [64]=Oop [72]=NarrowOop [76]=NarrowOop [80]=Oop [88]=Oop [104]=Oop [112]=Oop [120]=Oop [128]=Oop }
                      ;*invokevirtual encodeBufferLoop {reexecute=0 rethrow=0 return_oop=1}
                      ; - sun.nio.cs.SingleByte$Encoder::encodeLoop@24 (line 278)
                      ; - java.nio.charset.CharsetEncoder::encode@57 (line 587)
                      ; - sun.nio.cs.StreamEncoder::implWrite@38 (line 280)
                      ; - sun.nio.cs.StreamEncoder::implWrite@11 (line 267)
                      ; - sun.nio.cs.StreamEncoder::write@60 (line 122)
                      ; - java.io.OutputStreamWriter::write@7 (line 206)
                      ; - java.io.BufferedWriter::flushBuffer@34 (line 168)
                      ; - java.io.PrintStream::write@20 (line 665)
                      ; - java.io.PrintStream::print@5 (line 838)
                      ; - java.io.PrintStream::append@5 (line 1276)
                      ; - java.io.PrintStream::append@2 (line 64)
                      ; - org.gradle.internal.logging.text.StreamBackedStandardOutputListener::onOutput@5 (line 52)
                      ; - org.gradle.internal.logging.text.StreamingStyledTextOutput::doAppend@5 (line 55)
  0x000002bcdb90e0a8: b409 62ff 

  0x000002bcdb90e0ac: ;   {post_call_nop}
  0x000002bcdb90e0ac: 0f1f 8400 | a420 0014 | 4c8b d0e9 | 07f6 ffff | baf6 ffff | ff48 8b6c | 2420 48ff | 7424 7848 
  0x000002bcdb90e0cc: 8f44 2430 | 4489 5c24 | 5044 8944 | 2454 6690 

  0x000002bcdb90e0dc: ;   {runtime_call UncommonTrapBlob}
  0x000002bcdb90e0dc: c5f8 77e8 

  0x000002bcdb90e0e0: ; ImmutableOopMap {rbp=Oop [48]=Oop [80]=NarrowOop [112]=Oop }
                      ;*monitorenter {reexecute=0 rethrow=0 return_oop=0}
                      ; - java.io.BufferedWriter::write@7 (line 272)
                      ; - java.io.Writer::write@7 (line 248)
                      ; - java.io.PrintStream::write@13 (line 664)
                      ; - java.io.PrintStream::print@5 (line 838)
                      ; - java.io.PrintStream::append@5 (line 1276)
                      ; - java.io.PrintStream::append@2 (line 64)
                      ; - org.gradle.internal.logging.text.StreamBackedStandardOutputListener::onOutput@5 (line 52)
                      ; - org.gradle.internal.logging.text.StreamingStyledTextOutput::doAppend@5 (line 55)
  0x000002bcdb90e0e0: 7ca0 6eff 

  0x000002bcdb90e0e4: ;   {post_call_nop}
  0x000002bcdb90e0e4: 0f1f 8400 | dc20 0015 | baf6 ffff | ff48 8b6c | 2420 48ff | 7424 7848 | 8f44 2430 

  0x000002bcdb90e100: ;   {runtime_call UncommonTrapBlob}
  0x000002bcdb90e100: c5f8 77e8 

  0x000002bcdb90e104: ; ImmutableOopMap {rbp=Oop [40]=NarrowOop [48]=Oop [112]=Oop }
                      ;*monitorenter {reexecute=0 rethrow=0 return_oop=0}
                      ; - java.io.BufferedWriter::flushBuffer@6 (line 164)
                      ; - java.io.PrintStream::write@20 (line 665)
                      ; - java.io.PrintStream::print@5 (line 838)
                      ; - java.io.PrintStream::append@5 (line 1276)
                      ; - java.io.PrintStream::append@2 (line 64)
                      ; - org.gradle.internal.logging.text.StreamBackedStandardOutputListener::onOutput@5 (line 52)
                      ; - org.gradle.internal.logging.text.StreamingStyledTextOutput::doAppend@5 (line 55)
  0x000002bcdb90e104: 58a0 6eff 

  0x000002bcdb90e108: ;   {post_call_nop}
  0x000002bcdb90e108: 0f1f 8400 | 0021 0016 | baf6 ffff | ff48 8b6c | 2420 48ff | 7424 7848 | 8f44 2428 | 4489 4424 
  0x000002bcdb90e128: 4866 6690 

  0x000002bcdb90e12c: ;   {runtime_call UncommonTrapBlob}
  0x000002bcdb90e12c: c5f8 77e8 

  0x000002bcdb90e130: ; ImmutableOopMap {rbp=Oop [40]=Oop [72]=NarrowOop [112]=Oop }
                      ;*monitorenter {reexecute=0 rethrow=0 return_oop=0}
                      ; - sun.nio.cs.StreamEncoder::flushBuffer@6 (line 99)
                      ; - java.io.OutputStreamWriter::flushBuffer@4 (line 179)
                      ; - java.io.PrintStream::write@27 (line 666)
                      ; - java.io.PrintStream::print@5 (line 838)
                      ; - java.io.PrintStream::append@5 (line 1276)
                      ; - java.io.PrintStream::append@2 (line 64)
                      ; - org.gradle.internal.logging.text.StreamBackedStandardOutputListener::onOutput@5 (line 52)
                      ; - org.gradle.internal.logging.text.StreamingStyledTextOutput::doAppend@5 (line 55)
  0x000002bcdb90e130: 2ca0 6eff 

  0x000002bcdb90e134: ;   {post_call_nop}
  0x000002bcdb90e134: 0f1f 8400 | 2c21 0017 | baf6 ffff | ff48 8b6c | 2420 48ff | 7424 7848 | 8f44 2430 | 4489 5c24 
  0x000002bcdb90e154: 5444 8944 | 2458 4489 | 4c24 5c90 

  0x000002bcdb90e160: ;   {runtime_call UncommonTrapBlob}
  0x000002bcdb90e160: c5f8 77e8 

  0x000002bcdb90e164: ; ImmutableOopMap {rbp=Oop [40]=NarrowOop [44]=NarrowOop [48]=Oop [84]=NarrowOop [88]=NarrowOop [112]=Oop }
                      ;*monitorenter {reexecute=0 rethrow=0 return_oop=0}
                      ; - sun.nio.cs.StreamEncoder::write@7 (line 114)
                      ; - java.io.OutputStreamWriter::write@7 (line 206)
                      ; - java.io.BufferedWriter::flushBuffer@34 (line 168)
                      ; - java.io.PrintStream::write@20 (line 665)
                      ; - java.io.PrintStream::print@5 (line 838)
                      ; - java.io.PrintStream::append@5 (line 1276)
                      ; - java.io.PrintStream::append@2 (line 64)
                      ; - org.gradle.internal.logging.text.StreamBackedStandardOutputListener::onOutput@5 (line 52)
                      ; - org.gradle.internal.logging.text.StreamingStyledTextOutput::doAppend@5 (line 55)
  0x000002bcdb90e164: f89f 6eff 

  0x000002bcdb90e168: ;   {post_call_nop}
  0x000002bcdb90e168: 0f1f 8400 | 6021 0018 | 458b d045 | 33c0 453b | d141 0f9c | c0ba 4dff | ffff 488b | 6c24 2048 
  0x000002bcdb90e188: ff74 2478 | 488f 4424 | 3089 7424 | 5844 8944 | 245c 6690 

  0x000002bcdb90e19c: ;   {runtime_call UncommonTrapBlob}
  0x000002bcdb90e19c: c5f8 77e8 

  0x000002bcdb90e1a0: ; ImmutableOopMap {rbp=Oop [40]=NarrowOop [44]=NarrowOop [48]=Oop [88]=NarrowOop [112]=Oop }
                      ;*ifeq {reexecute=1 rethrow=0 return_oop=0}
                      ; - (reexecute) sun.nio.cs.StreamEncoder::implWrite@25 (line 279)
                      ; - sun.nio.cs.StreamEncoder::implWrite@11 (line 267)
                      ; - sun.nio.cs.StreamEncoder::write@60 (line 122)
                      ; - java.io.OutputStreamWriter::write@7 (line 206)
                      ; - java.io.BufferedWriter::flushBuffer@34 (line 168)
                      ; - java.io.PrintStream::write@20 (line 665)
                      ; - java.io.PrintStream::print@5 (line 838)
                      ; - java.io.PrintStream::append@5 (line 1276)
                      ; - java.io.PrintStream::append@2 (line 64)
                      ; - org.gradle.internal.logging.text.StreamBackedStandardOutputListener::onOutput@5 (line 52)
                      ; - org.gradle.internal.logging.text.StreamingStyledTextOutput::doAppend@5 (line 55)
  0x000002bcdb90e1a0: bc9f 6eff 

  0x000002bcdb90e1a4: ;   {post_call_nop}
  0x000002bcdb90e1a4: 0f1f 8400 | 9c21 0019 | ba4d ffff | ff48 8b6c | 2420 4c8b | 5424 784c | 8954 2440 | 4c89 5424 
  0x000002bcdb90e1c4: 504c 8944 | 2468 6690 

  0x000002bcdb90e1cc: ;   {runtime_call UncommonTrapBlob}
  0x000002bcdb90e1cc: c5f8 77e8 

  0x000002bcdb90e1d0: ; ImmutableOopMap {rbp=Oop [40]=NarrowOop [44]=NarrowOop [56]=NarrowOop [64]=Oop [76]=NarrowOop [80]=Oop [88]=Oop [104]=Oop [112]=Oop }
                      ;*ifeq {reexecute=1 rethrow=0 return_oop=0}
                      ; - (reexecute) java.nio.charset.CharsetEncoder::encode@82 (line 592)
                      ; - sun.nio.cs.StreamEncoder::implWrite@38 (line 280)
                      ; - sun.nio.cs.StreamEncoder::implWrite@11 (line 267)
                      ; - sun.nio.cs.StreamEncoder::write@60 (line 122)
                      ; - java.io.OutputStreamWriter::write@7 (line 206)
                      ; - java.io.BufferedWriter::flushBuffer@34 (line 168)
                      ; - java.io.PrintStream::write@20 (line 665)
                      ; - java.io.PrintStream::print@5 (line 838)
                      ; - java.io.PrintStream::append@5 (line 1276)
                      ; - java.io.PrintStream::append@2 (line 64)
                      ; - org.gradle.internal.logging.text.StreamBackedStandardOutputListener::onOutput@5 (line 52)
                      ; - org.gradle.internal.logging.text.StreamingStyledTextOutput::doAppend@5 (line 55)
  0x000002bcdb90e1d0: 8c9f 6eff 

  0x000002bcdb90e1d4: ;   {post_call_nop}
  0x000002bcdb90e1d4: 0f1f 8400 | cc21 001a | bade ffff | ff41 8bea 

  0x000002bcdb90e1e4: ;   {runtime_call UncommonTrapBlob}
  0x000002bcdb90e1e4: c5f8 77e8 

  0x000002bcdb90e1e8: ; ImmutableOopMap {rbp=NarrowOop [32]=Oop }
                      ;*invokeinterface onOutput {reexecute=0 rethrow=0 return_oop=0}
                      ; - org.gradle.internal.logging.text.StreamingStyledTextOutput::doAppend@5 (line 55)
  0x000002bcdb90e1e8: 749f 6eff 

  0x000002bcdb90e1ec: ;   {post_call_nop}
  0x000002bcdb90e1ec: 0f1f 8400 | e421 001b | bade ffff | ff66 6690 

  0x000002bcdb90e1fc: ;   {runtime_call UncommonTrapBlob}
  0x000002bcdb90e1fc: c5f8 77e8 

  0x000002bcdb90e200: ; ImmutableOopMap {rbp=NarrowOop [32]=Oop [112]=Oop }
                      ;*invokeinterface append {reexecute=0 rethrow=0 return_oop=0}
                      ; - org.gradle.internal.logging.text.StreamBackedStandardOutputListener::onOutput@5 (line 52)
                      ; - org.gradle.internal.logging.text.StreamingStyledTextOutput::doAppend@5 (line 55)
  0x000002bcdb90e200: 5c9f 6eff 

  0x000002bcdb90e204: ;   {post_call_nop}
  0x000002bcdb90e204: 0f1f 8400 | fc21 001c | 498b d34c | 8d84 24d0 | 0000 0048 | 8b6c 2470 | 4c89 5c24 | 304c 895c 
  0x000002bcdb90e224: 2438 6690 

  0x000002bcdb90e228: ;   {runtime_call C2 Runtime complete_monitor_locking}
  0x000002bcdb90e228: c5f8 77e8 

  0x000002bcdb90e22c: ; ImmutableOopMap {rbp=Oop [32]=Oop [48]=Oop [56]=Oop [112]=Oop [120]=Oop }
                      ;*monitorenter {reexecute=0 rethrow=0 return_oop=0}
                      ; - java.io.PrintStream::write@3 (line 662)
                      ; - java.io.PrintStream::print@5 (line 838)
                      ; - java.io.PrintStream::append@5 (line 1276)
                      ; - java.io.PrintStream::append@2 (line 64)
                      ; - org.gradle.internal.logging.text.StreamBackedStandardOutputListener::onOutput@5 (line 52)
                      ; - org.gradle.internal.logging.text.StreamingStyledTextOutput::doAppend@5 (line 55)
  0x000002bcdb90e22c: 30b0 6eff 

  0x000002bcdb90e230: ;   {post_call_nop}
  0x000002bcdb90e230: 0f1f 8400 | 2822 001d | e9e0 e2ff | ff4c 8974 | 2448 4489 | 4424 4044 | 894c 243c | 48ff 7424 
  0x000002bcdb90e250: 7848 8f44 | 2430 4c8b | 5424 704c | 8954 2428 | 4b8d 2cdc | 4489 5c24 | 3849 8bd6 | 4c8d 8424 
  0x000002bcdb90e270: d800 0000 

  0x000002bcdb90e274: ;   {runtime_call C2 Runtime complete_monitor_locking}
  0x000002bcdb90e274: c5f8 77e8 

  0x000002bcdb90e278: ; ImmutableOopMap {rbp=Oop [32]=Oop [40]=Oop [48]=Oop [56]=NarrowOop [60]=NarrowOop [72]=Oop [120]=Oop }
                      ;*monitorenter {reexecute=0 rethrow=0 return_oop=0}
                      ; - java.io.BufferedWriter::write@7 (line 272)
                      ; - java.io.Writer::write@7 (line 248)
                      ; - java.io.PrintStream::write@13 (line 664)
                      ; - java.io.PrintStream::print@5 (line 838)
                      ; - java.io.PrintStream::append@5 (line 1276)
                      ; - java.io.PrintStream::append@2 (line 64)
                      ; - org.gradle.internal.logging.text.StreamBackedStandardOutputListener::onOutput@5 (line 52)
                      ; - org.gradle.internal.logging.text.StreamingStyledTextOutput::doAppend@5 (line 55)
  0x000002bcdb90e278: e4af 6eff 

  0x000002bcdb90e27c: ;   {post_call_nop}
  0x000002bcdb90e27c: 0f1f 8400 | 7422 001e | 4c8b 5424 | 284c 8954 | 2470 448b | 5c24 3844 | 8b4c 243c | 448b 4424 
  0x000002bcdb90e29c: 4048 8b4c | 2448 4c8b | f1e9 30e3 | ffff 498b | ce48 8d94 | 24d8 0000 | 004d 8bc7 | c5f8 7749 
  0x000002bcdb90e2bc: bae0 0fdb | e7fb 7f00 | 0041 ffd2 

  0x000002bcdb90e2c8: ;   {post_call_nop}
  0x000002bcdb90e2c8: 0f1f 8400 | 0000 0000 | e915 e5ff | ff4c 8b54 | 2430 4c89 | 5424 4848 | 894c 2440 | 448b 5c24 
  0x000002bcdb90e2e8: 2c44 895c | 243c 448b | 5424 2844 | 8954 2438 | 48ff 7424 | 7848 8f44 | 2430 488b | 6c24 2048 
  0x000002bcdb90e308: 8bd1 4c8d | 8424 d800 | 0000 6690 

  0x000002bcdb90e314: ;   {runtime_call C2 Runtime complete_monitor_locking}
  0x000002bcdb90e314: c5f8 77e8 

  0x000002bcdb90e318: ; ImmutableOopMap {rbp=Oop [48]=Oop [56]=NarrowOop [60]=NarrowOop [64]=Oop [72]=Oop [112]=Oop [120]=Oop }
                      ;*monitorenter {reexecute=0 rethrow=0 return_oop=0}
                      ; - java.io.BufferedWriter::flushBuffer@6 (line 164)
                      ; - java.io.PrintStream::write@20 (line 665)
                      ; - java.io.PrintStream::print@5 (line 838)
                      ; - java.io.PrintStream::append@5 (line 1276)
                      ; - java.io.PrintStream::append@2 (line 64)
                      ; - org.gradle.internal.logging.text.StreamBackedStandardOutputListener::onOutput@5 (line 52)
                      ; - org.gradle.internal.logging.text.StreamingStyledTextOutput::doAppend@5 (line 55)
  0x000002bcdb90e318: 44af 6eff 

  0x000002bcdb90e31c: ;   {post_call_nop}
  0x000002bcdb90e31c: 0f1f 8400 | 1423 001f | 4889 6c24 | 2044 8b44 | 2438 4489 | 4424 2844 | 8b5c 243c | 4489 5c24 
  0x000002bcdb90e33c: 2c4c 8b5c | 2440 4c8b | 4424 484c | 8944 2430 | 498b cbe9 | 42e5 ffff | 4c8b 5424 | 384c 8954 
  0x000002bcdb90e35c: 2448 4c89 | 6c24 4089 | 7424 3c44 | 8944 2438 | 48ff 7424 | 7848 8f44 | 2430 488b | 6c24 2049 
  0x000002bcdb90e37c: 8bd5 4c8d | 8424 d800 | 0000 6690 

  0x000002bcdb90e388: ;   {runtime_call C2 Runtime complete_monitor_locking}
  0x000002bcdb90e388: c5f8 77e8 

  0x000002bcdb90e38c: ; ImmutableOopMap {rbp=Oop [48]=Oop [56]=NarrowOop [60]=NarrowOop [64]=Oop [72]=Oop [112]=Oop [120]=Oop }
                      ;*monitorenter {reexecute=0 rethrow=0 return_oop=0}
                      ; - sun.nio.cs.StreamEncoder::flushBuffer@6 (line 99)
                      ; - java.io.OutputStreamWriter::flushBuffer@4 (line 179)
                      ; - java.io.PrintStream::write@27 (line 666)
                      ; - java.io.PrintStream::print@5 (line 838)
                      ; - java.io.PrintStream::append@5 (line 1276)
                      ; - java.io.PrintStream::append@2 (line 64)
                      ; - org.gradle.internal.logging.text.StreamBackedStandardOutputListener::onOutput@5 (line 52)
                      ; - org.gradle.internal.logging.text.StreamingStyledTextOutput::doAppend@5 (line 55)
  0x000002bcdb90e38c: d0ae 6eff 

  0x000002bcdb90e390: ;   {post_call_nop}
  0x000002bcdb90e390: 0f1f 8400 | 8823 0020 | 4889 6c24 | 2044 8b44 | 2438 8b74 | 243c 4c8b | 6c24 404c | 8b5c 2448 
  0x000002bcdb90e3b0: 4c89 5c24 | 38e9 dfeb | ffff 498b | cd48 8d94 | 24d8 0000 | 004d 8bc7 | c5f8 7749 | bae0 0fdb 
  0x000002bcdb90e3d0: e7fb 7f00 | 0041 ffd2 

  0x000002bcdb90e3d8: ;   {post_call_nop}
  0x000002bcdb90e3d8: 0f1f 8400 | 0000 0000 | e9de eeff | ff49 8bcb | 488d 9424 | d000 0000 | 4d8b c7c5 | f877 49ba 
  0x000002bcdb90e3f8: e00f dbe7 | fb7f 0000 

  0x000002bcdb90e400: ;   {post_call_nop}
  0x000002bcdb90e400: 41ff d20f | 1f84 0000 | 0000 00e9 | 7ff0 ffff | bade ffff | ff66 6690 

  0x000002bcdb90e418: ;   {runtime_call UncommonTrapBlob}
  0x000002bcdb90e418: c5f8 77e8 

  0x000002bcdb90e41c: ; ImmutableOopMap {rbp=NarrowOop }
                      ;*invokeinterface flush {reexecute=0 rethrow=0 return_oop=0}
                      ; - org.gradle.internal.logging.text.StreamBackedStandardOutputListener::onOutput@15 (line 53)
                      ; - org.gradle.internal.logging.text.StreamingStyledTextOutput::doAppend@5 (line 55)
  0x000002bcdb90e41c: 409d 6eff 

  0x000002bcdb90e420: ;   {post_call_nop}
  0x000002bcdb90e420: 0f1f 8400 | 1824 0021 | 498b d34c | 8d84 24d0 | 0000 004c | 895c 2428 

  0x000002bcdb90e438: ;   {runtime_call C2 Runtime complete_monitor_locking}
  0x000002bcdb90e438: c5f8 77e8 

  0x000002bcdb90e43c: ; ImmutableOopMap {[32]=Oop [40]=Oop }
                      ;*monitorenter {reexecute=0 rethrow=0 return_oop=0}
                      ; - java.io.PrintStream::flush@3 (line 403)
                      ; - org.gradle.internal.logging.text.StreamBackedStandardOutputListener::onOutput@15 (line 53)
                      ; - org.gradle.internal.logging.text.StreamingStyledTextOutput::doAppend@5 (line 55)
  0x000002bcdb90e43c: 20ae 6eff 

  0x000002bcdb90e440: ;   {post_call_nop}
  0x000002bcdb90e440: 0f1f 8400 | 3824 0022 | e9e4 f0ff | ff48 8b4c | 2420 488d | 9424 d000 | 0000 4d8b | c7c5 f877 
  0x000002bcdb90e460: 49ba e00f | dbe7 fb7f | 0000 41ff 

  0x000002bcdb90e46c: ;   {post_call_nop}
  0x000002bcdb90e46c: d20f 1f84 | 0000 0000 | 00e9 75f1 | ffff bade | ffff ff48 | 8b6c 2420 | 48ff 7424 | 7848 8f44 
  0x000002bcdb90e48c: 2430 4489 | 5424 5044 | 8944 2454 | 4489 4c24 | 5866 6690 

  0x000002bcdb90e4a0: ;   {runtime_call UncommonTrapBlob}
  0x000002bcdb90e4a0: c5f8 77e8 

  0x000002bcdb90e4a4: ; ImmutableOopMap {rbp=Oop [40]=NarrowOop [44]=NarrowOop [48]=Oop [80]=NarrowOop [84]=NarrowOop [112]=Oop }
                      ;*invokevirtual write {reexecute=0 rethrow=0 return_oop=0}
                      ; - java.io.BufferedWriter::flushBuffer@34 (line 168)
                      ; - java.io.PrintStream::write@20 (line 665)
                      ; - java.io.PrintStream::print@5 (line 838)
                      ; - java.io.PrintStream::append@5 (line 1276)
                      ; - java.io.PrintStream::append@2 (line 64)
                      ; - org.gradle.internal.logging.text.StreamBackedStandardOutputListener::onOutput@5 (line 52)
                      ; - org.gradle.internal.logging.text.StreamingStyledTextOutput::doAppend@5 (line 55)
  0x000002bcdb90e4a4: b89c 6eff 

  0x000002bcdb90e4a8: ;   {post_call_nop}
  0x000002bcdb90e4a8: 0f1f 8400 | a024 0023 | 4889 7c24 | 684c 8b54 | 2440 4c89 | 5424 6089 | 7424 5c44 | 895c 2458 
  0x000002bcdb90e4c8: 4489 4424 | 5444 894c | 2450 4c8b | 5424 304c | 8954 2448 | 4889 4c24 | 4044 8b5c | 242c 4489 
  0x000002bcdb90e4e8: 5c24 3c44 | 8b54 2428 | 4489 5424 | 384c 8b54 | 2478 4c89 | 5424 304c | 8b54 2470 | 4c89 5424 
  0x000002bcdb90e508: 2848 8b6c | 2420 488b | d74c 8d84 | 24e0 0000 | 0066 6690 

  0x000002bcdb90e51c: ;   {runtime_call C2 Runtime complete_monitor_locking}
  0x000002bcdb90e51c: c5f8 77e8 

  0x000002bcdb90e520: ; ImmutableOopMap {rbp=Oop [40]=Oop [48]=Oop [56]=NarrowOop [60]=NarrowOop [64]=Oop [72]=Oop [84]=NarrowOop [88]=NarrowOop [92]=NarrowOop [96]=Oop [104]=Oop [120]=Oop }
                      ;*monitorenter {reexecute=0 rethrow=0 return_oop=0}
                      ; - sun.nio.cs.StreamEncoder::write@7 (line 114)
                      ; - java.io.OutputStreamWriter::write@7 (line 206)
                      ; - java.io.BufferedWriter::flushBuffer@34 (line 168)
                      ; - java.io.PrintStream::write@20 (line 665)
                      ; - java.io.PrintStream::print@5 (line 838)
                      ; - java.io.PrintStream::append@5 (line 1276)
                      ; - java.io.PrintStream::append@2 (line 64)
                      ; - org.gradle.internal.logging.text.StreamBackedStandardOutputListener::onOutput@5 (line 52)
                      ; - org.gradle.internal.logging.text.StreamingStyledTextOutput::doAppend@5 (line 55)
  0x000002bcdb90e520: 3cad 6eff 

  0x000002bcdb90e524: ;   {post_call_nop}
  0x000002bcdb90e524: 0f1f 8400 | 1c25 0024 | 4889 6c24 | 204c 8b54 | 2428 4c89 | 5424 7044 | 8b5c 2438 | 4489 5c24 
  0x000002bcdb90e544: 2844 8b54 | 243c 4489 | 5424 2c4c | 8b54 2440 | 4c89 9424 | 8000 0000 | 4c8b 5424 | 484c 8954 
  0x000002bcdb90e564: 2430 448b | 4c24 5044 | 8b44 2454 | 448b 5c24 | 588b 7424 | 5c4c 8b54 | 2460 4c89 | 5424 4048 
  0x000002bcdb90e584: 8b7c 2468 | e9e5 e3ff | ff48 8b4c | 2450 488d | 9424 e000 | 0000 4d8b | c7c5 f877 | 49ba e00f 
  0x000002bcdb90e5a4: dbe7 fb7f | 0000 41ff 

  0x000002bcdb90e5ac: ;   {post_call_nop}
  0x000002bcdb90e5ac: d20f 1f84 | 0000 0000 | 00e9 8ce8 | ffff 488b | 8c24 8000 | 0000 488d | 9424 d800 | 0000 4d8b 
  0x000002bcdb90e5cc: c7c5 f877 | 49ba e00f | dbe7 fb7f | 0000 41ff 

  0x000002bcdb90e5dc: ;   {post_call_nop}
  0x000002bcdb90e5dc: d20f 1f84 | 0000 0000 | 00e9 0ce9 | ffff bade | ffff ff48 | 8b6c 2420 | 48ff 7424 | 7848 8f44 
  0x000002bcdb90e5fc: 2428 8974 | 244c 4489 | 4424 5089 | 4c24 5490 

  0x000002bcdb90e60c: ;   {runtime_call UncommonTrapBlob}
  0x000002bcdb90e60c: c5f8 77e8 

  0x000002bcdb90e610: ; ImmutableOopMap {rbp=Oop [40]=Oop [76]=NarrowOop [80]=NarrowOop [84]=NarrowOop [112]=Oop }
                      ;*invokevirtual flip {reexecute=0 rethrow=0 return_oop=0}
                      ; - sun.nio.cs.StreamEncoder::writeBytes@4 (line 213)
                      ; - sun.nio.cs.StreamEncoder::implFlushBuffer@11 (line 315)
                      ; - sun.nio.cs.StreamEncoder::flushBuffer@15 (line 101)
                      ; - java.io.OutputStreamWriter::flushBuffer@4 (line 179)
                      ; - java.io.PrintStream::write@27 (line 666)
                      ; - java.io.PrintStream::print@5 (line 838)
                      ; - java.io.PrintStream::append@5 (line 1276)
                      ; - java.io.PrintStream::append@2 (line 64)
                      ; - org.gradle.internal.logging.text.StreamBackedStandardOutputListener::onOutput@5 (line 52)
                      ; - org.gradle.internal.logging.text.StreamingStyledTextOutput::doAppend@5 (line 55)
  0x000002bcdb90e610: 4c9b 6eff 

  0x000002bcdb90e614: ;   {post_call_nop}
  0x000002bcdb90e614: 0f1f 8400 | 0c26 0025 | bade ffff | ff48 ff74 | 2478 488f | 4424 3890 

  0x000002bcdb90e62c: ;   {runtime_call UncommonTrapBlob}
  0x000002bcdb90e62c: c5f8 77e8 

  0x000002bcdb90e630: ; ImmutableOopMap {rbp=NarrowOop [32]=Oop [44]=NarrowOop [56]=Oop [112]=Oop }
                      ;*invokevirtual clear {reexecute=0 rethrow=0 return_oop=0}
                      ; - sun.nio.cs.StreamEncoder::writeBytes@88 (line 222)
                      ; - sun.nio.cs.StreamEncoder::implFlushBuffer@11 (line 315)
                      ; - sun.nio.cs.StreamEncoder::flushBuffer@15 (line 101)
                      ; - java.io.OutputStreamWriter::flushBuffer@4 (line 179)
                      ; - java.io.PrintStream::write@27 (line 666)
                      ; - java.io.PrintStream::print@5 (line 838)
                      ; - java.io.PrintStream::append@5 (line 1276)
                      ; - java.io.PrintStream::append@2 (line 64)
                      ; - org.gradle.internal.logging.text.StreamBackedStandardOutputListener::onOutput@5 (line 52)
                      ; - org.gradle.internal.logging.text.StreamingStyledTextOutput::doAppend@5 (line 55)
  0x000002bcdb90e630: 2c9b 6eff 

  0x000002bcdb90e634: ;   {post_call_nop}
  0x000002bcdb90e634: 0f1f 8400 | 2c26 0026 | 4889 4c24 | 6848 897c | 2460 4489 | 4c24 5c89 | 5424 5844 | 895c 2454 
  0x000002bcdb90e654: 4489 5424 | 504c 8b54 | 2438 4c89 | 5424 484c | 896c 2440 | 8974 243c | 4489 4424 | 384c 8b54 
  0x000002bcdb90e674: 2478 4c89 | 5424 304c | 8b54 2470 | 4c89 5424 | 2848 8b6c | 2420 488b | d14c 8d84 | 24e0 0000 
  0x000002bcdb90e694: 0066 6690 

  0x000002bcdb90e698: ;   {runtime_call C2 Runtime complete_monitor_locking}
  0x000002bcdb90e698: c5f8 77e8 

  0x000002bcdb90e69c: ; ImmutableOopMap {rbp=Oop [40]=Oop [48]=Oop [56]=NarrowOop [60]=NarrowOop [64]=Oop [72]=Oop [84]=NarrowOop [96]=Oop [104]=Oop [120]=Oop }
                      ;*monitorenter {reexecute=0 rethrow=0 return_oop=0}
                      ; - java.io.PrintStream::write@4 (line 537)
                      ; - sun.nio.cs.StreamEncoder::writeBytes@81 (line 220)
                      ; - sun.nio.cs.StreamEncoder::implFlushBuffer@11 (line 315)
                      ; - sun.nio.cs.StreamEncoder::flushBuffer@15 (line 101)
                      ; - java.io.OutputStreamWriter::flushBuffer@4 (line 179)
                      ; - java.io.PrintStream::write@27 (line 666)
                      ; - java.io.PrintStream::print@5 (line 838)
                      ; - java.io.PrintStream::append@5 (line 1276)
                      ; - java.io.PrintStream::append@2 (line 64)
                      ; - org.gradle.internal.logging.text.StreamBackedStandardOutputListener::onOutput@5 (line 52)
                      ; - org.gradle.internal.logging.text.StreamingStyledTextOutput::doAppend@5 (line 55)
  0x000002bcdb90e69c: c0ab 6eff 

  0x000002bcdb90e6a0: ;   {post_call_nop}
  0x000002bcdb90e6a0: 0f1f 8400 | 9826 0027 | 4889 6c24 | 204c 8b54 | 2428 4c89 | 5424 7044 | 8b44 2438 | 8b74 243c 
  0x000002bcdb90e6c0: 4c8b 6c24 | 404c 8b54 | 2448 4c89 | 5424 3844 | 8b54 2450 | 448b 5c24 | 548b 5424 | 5844 8b4c 
  0x000002bcdb90e6e0: 245c 488b | 7c24 6048 | 8b4c 2468 | e9b9 e9ff | ff49 8bc8 | 488d 9424 | e000 0000 | 4d8b c7c5 
  0x000002bcdb90e700: f877 49ba | e00f dbe7 | fb7f 0000 

  0x000002bcdb90e70c: ;   {post_call_nop}
  0x000002bcdb90e70c: 41ff d20f | 1f84 0000 | 0000 00e9 | ceea ffff | ba66 ffff | ff48 8b6c | 2420 4c8b | 5c24 704c 
  0x000002bcdb90e72c: 895c 2420 | 4c8b 5c24 | 784c 895c | 2440 4c89 | 5c24 5044 | 8954 247c | 898c 2480 | 0000 0090 
  0x000002bcdb90e74c: ;   {runtime_call UncommonTrapBlob}
  0x000002bcdb90e74c: c5f8 77e8 

  0x000002bcdb90e750: ; ImmutableOopMap {rbp=Oop [32]=Oop [40]=NarrowOop [44]=NarrowOop [56]=NarrowOop [64]=Oop [76]=NarrowOop [80]=Oop [88]=Oop [96]=Oop [124]=NarrowOop }
                      ;*invokevirtual position {reexecute=0 rethrow=0 return_oop=0}
                      ; - sun.nio.cs.UTF_8::updatePositions@18 (line 83)
                      ; - sun.nio.cs.UTF_8$Encoder::encodeArrayLoop@130 (line 463)
                      ; - sun.nio.cs.UTF_8$Encoder::encodeLoop@17 (line 564)
                      ; - java.nio.charset.CharsetEncoder::encode@57 (line 587)
                      ; - sun.nio.cs.StreamEncoder::implWrite@38 (line 280)
                      ; - sun.nio.cs.StreamEncoder::implWrite@11 (line 267)
                      ; - sun.nio.cs.StreamEncoder::write@60 (line 122)
                      ; - java.io.OutputStreamWriter::write@7 (line 206)
                      ; - java.io.BufferedWriter::flushBuffer@34 (line 168)
                      ; - java.io.PrintStream::write@20 (line 665)
                      ; - java.io.PrintStream::print@5 (line 838)
                      ; - java.io.PrintStream::append@5 (line 1276)
                      ; - java.io.PrintStream::append@2 (line 64)
                      ; - org.gradle.internal.logging.text.StreamBackedStandardOutputListener::onOutput@5 (line 52)
                      ; - org.gradle.internal.logging.text.StreamingStyledTextOutput::doAppend@5 (line 55)
  0x000002bcdb90e750: 0c9a 6eff 

  0x000002bcdb90e754: ;   {post_call_nop}
  0x000002bcdb90e754: 0f1f 8400 | 4c27 0028 | bace ffff | ff48 8b6c | 2420 488b | 7c24 7048 | 897c 2428 | 48ff 7424 
  0x000002bcdb90e774: 7848 8f44 | 2430 4489 | 5c24 5044 | 8944 245c | 4489 4c24 | 6044 8954 | 2464 895c | 2468 894c 
  0x000002bcdb90e794: 246c 4489 | 4424 7090 

  0x000002bcdb90e79c: ;   {runtime_call UncommonTrapBlob}
  0x000002bcdb90e79c: c5f8 77e8 

  0x000002bcdb90e7a0: ; ImmutableOopMap {rbp=Oop [40]=Oop [48]=Oop [80]=NarrowOop [96]=NarrowOop [100]=NarrowOop [104]=NarrowOop }
                      ;*invokestatic inflate {reexecute=0 rethrow=0 return_oop=0}
                      ; - java.lang.StringLatin1::getChars@8 (line 201)
                      ; - java.lang.String::getChars@36 (line 1772)
                      ; - java.io.BufferedWriter::write@68 (line 278)
                      ; - java.io.Writer::write@7 (line 248)
                      ; - java.io.PrintStream::write@13 (line 664)
                      ; - java.io.PrintStream::print@5 (line 838)
                      ; - java.io.PrintStream::append@5 (line 1276)
                      ; - java.io.PrintStream::append@2 (line 64)
                      ; - org.gradle.internal.logging.text.StreamBackedStandardOutputListener::onOutput@5 (line 52)
                      ; - org.gradle.internal.logging.text.StreamingStyledTextOutput::doAppend@5 (line 55)
  0x000002bcdb90e7a0: bc99 6eff 

  0x000002bcdb90e7a4: ;   {post_call_nop}
  0x000002bcdb90e7a4: 0f1f 8400 | 9c27 0029 | bace ffff | ff48 8b6c | 2420 488b | 7c24 7048 | 897c 2428 | 48ff 7424 
  0x000002bcdb90e7c4: 7848 8f44 | 2430 4489 | 5c24 5044 | 8944 245c | 4489 4c24 | 6044 8954 | 2464 895c | 2468 894c 
  0x000002bcdb90e7e4: 246c 4489 | 4424 7090 

  0x000002bcdb90e7ec: ;   {runtime_call UncommonTrapBlob}
  0x000002bcdb90e7ec: c5f8 77e8 

  0x000002bcdb90e7f0: ; ImmutableOopMap {rbp=Oop [40]=Oop [48]=Oop [80]=NarrowOop [96]=NarrowOop [100]=NarrowOop [104]=NarrowOop }
                      ;*invokestatic inflate {reexecute=0 rethrow=0 return_oop=0}
                      ; - java.lang.StringLatin1::getChars@8 (line 201)
                      ; - java.lang.String::getChars@36 (line 1772)
                      ; - java.io.BufferedWriter::write@68 (line 278)
                      ; - java.io.Writer::write@7 (line 248)
                      ; - java.io.PrintStream::write@13 (line 664)
                      ; - java.io.PrintStream::print@5 (line 838)
                      ; - java.io.PrintStream::append@5 (line 1276)
                      ; - java.io.PrintStream::append@2 (line 64)
                      ; - org.gradle.internal.logging.text.StreamBackedStandardOutputListener::onOutput@5 (line 52)
                      ; - org.gradle.internal.logging.text.StreamingStyledTextOutput::doAppend@5 (line 55)
  0x000002bcdb90e7f0: 6c99 6eff 

  0x000002bcdb90e7f4: ;   {post_call_nop}
  0x000002bcdb90e7f4: 0f1f 8400 | ec27 002a | ba4d ffff | ff48 ff74 | 2478 488f | 4424 3044 | 8944 2450 | 8974 2458 
  0x000002bcdb90e814: ;   {runtime_call UncommonTrapBlob}
  0x000002bcdb90e814: c5f8 77e8 

  0x000002bcdb90e818: ; ImmutableOopMap {[32]=Oop [48]=Oop [80]=NarrowOop [88]=NarrowOop [112]=Oop }
                      ;*ifne {reexecute=1 rethrow=0 return_oop=0}
                      ; - (reexecute) sun.nio.cs.StreamEncoder::isOpen@4 (line 167)
                      ; - sun.nio.cs.StreamEncoder::flushBuffer@8 (line 100)
                      ; - java.io.OutputStreamWriter::flushBuffer@4 (line 179)
                      ; - java.io.PrintStream::write@27 (line 666)
                      ; - java.io.PrintStream::print@5 (line 838)
                      ; - java.io.PrintStream::append@5 (line 1276)
                      ; - java.io.PrintStream::append@2 (line 64)
                      ; - org.gradle.internal.logging.text.StreamBackedStandardOutputListener::onOutput@5 (line 52)
                      ; - org.gradle.internal.logging.text.StreamingStyledTextOutput::doAppend@5 (line 55)
  0x000002bcdb90e818: 4499 6eff 

  0x000002bcdb90e81c: ;   {post_call_nop}
  0x000002bcdb90e81c: 0f1f 8400 | 1428 002b | 4533 d245 | 85db 410f | 94c2 ba4d | ffff ff48 | 8b6c 2420 | 48ff 7424 
  0x000002bcdb90e83c: 7848 8f44 | 2428 4489 | 5424 4890 

  0x000002bcdb90e848: ;   {runtime_call UncommonTrapBlob}
  0x000002bcdb90e848: c5f8 77e8 

  0x000002bcdb90e84c: ; ImmutableOopMap {rbp=Oop [40]=Oop [112]=Oop }
                      ;*ifeq {reexecute=1 rethrow=0 return_oop=0}
                      ; - (reexecute) java.lang.String::indexOf@4 (line 2481)
                      ; - java.io.PrintStream::write@40 (line 667)
                      ; - java.io.PrintStream::print@5 (line 838)
                      ; - java.io.PrintStream::append@5 (line 1276)
                      ; - java.io.PrintStream::append@2 (line 64)
                      ; - org.gradle.internal.logging.text.StreamBackedStandardOutputListener::onOutput@5 (line 52)
                      ; - org.gradle.internal.logging.text.StreamingStyledTextOutput::doAppend@5 (line 55)
  0x000002bcdb90e84c: 1099 6eff 

  0x000002bcdb90e850: ;   {post_call_nop}
  0x000002bcdb90e850: 0f1f 8400 | 4828 002c | 4533 d245 | 85db 410f | 94c2 ba4d | ffff ff48 | 8b6c 2420 | 4c8b 5c24 
  0x000002bcdb90e870: 704c 895c | 2420 4c8b | 5c24 784c | 895c 2440 | 4c89 5c24 | 504c 8944 | 2478 4489 | 9424 8000 
  0x000002bcdb90e890: 0000 6690 

  0x000002bcdb90e894: ;   {runtime_call UncommonTrapBlob}
  0x000002bcdb90e894: c5f8 77e8 

  0x000002bcdb90e898: ; ImmutableOopMap {rbp=Oop [32]=Oop [40]=NarrowOop [44]=NarrowOop [56]=NarrowOop [60]=NarrowOop [64]=Oop [72]=NarrowOop [76]=NarrowOop [80]=Oop [88]=Oop [120]=Oop }
                      ;*ifeq {reexecute=1 rethrow=0 return_oop=0}
                      ; - (reexecute) java.nio.charset.CharsetEncoder::encode@93 (line 595)
                      ; - sun.nio.cs.StreamEncoder::implWrite@38 (line 280)
                      ; - sun.nio.cs.StreamEncoder::implWrite@11 (line 267)
                      ; - sun.nio.cs.StreamEncoder::write@60 (line 122)
                      ; - java.io.OutputStreamWriter::write@7 (line 206)
                      ; - java.io.BufferedWriter::flushBuffer@34 (line 168)
                      ; - java.io.PrintStream::write@20 (line 665)
                      ; - java.io.PrintStream::print@5 (line 838)
                      ; - java.io.PrintStream::append@5 (line 1276)
                      ; - java.io.PrintStream::append@2 (line 64)
                      ; - org.gradle.internal.logging.text.StreamBackedStandardOutputListener::onOutput@5 (line 52)
                      ; - org.gradle.internal.logging.text.StreamingStyledTextOutput::doAppend@5 (line 55)
  0x000002bcdb90e898: c498 6eff 

  0x000002bcdb90e89c: ;   {post_call_nop}
  0x000002bcdb90e89c: 0f1f 8400 | 9428 002d | ba4d ffff | ff48 8b6c | 2420 48ff | 7424 7848 | 8f44 2428 | 8974 244c 
  0x000002bcdb90e8bc: 4489 4424 | 5044 8954 | 2458 6690 

  0x000002bcdb90e8c8: ;   {runtime_call UncommonTrapBlob}
  0x000002bcdb90e8c8: c5f8 77e8 

  0x000002bcdb90e8cc: ; ImmutableOopMap {rbp=Oop [40]=Oop [76]=NarrowOop [80]=NarrowOop [112]=Oop }
                      ;*if_icmpgt {reexecute=1 rethrow=0 return_oop=0}
                      ; - (reexecute) sun.nio.cs.StreamEncoder::writeBytes@45 (line 217)
                      ; - sun.nio.cs.StreamEncoder::implFlushBuffer@11 (line 315)
                      ; - sun.nio.cs.StreamEncoder::flushBuffer@15 (line 101)
                      ; - java.io.OutputStreamWriter::flushBuffer@4 (line 179)
                      ; - java.io.PrintStream::write@27 (line 666)
                      ; - java.io.PrintStream::print@5 (line 838)
                      ; - java.io.PrintStream::append@5 (line 1276)
                      ; - java.io.PrintStream::append@2 (line 64)
                      ; - org.gradle.internal.logging.text.StreamBackedStandardOutputListener::onOutput@5 (line 52)
                      ; - org.gradle.internal.logging.text.StreamingStyledTextOutput::doAppend@5 (line 55)
  0x000002bcdb90e8cc: 9098 6eff 

  0x000002bcdb90e8d0: ;   {post_call_nop}
  0x000002bcdb90e8d0: 0f1f 8400 | c828 002e | ba4d ffff | ff48 8b6c | 2420 48ff | 7424 7848 | 8f44 2428 | 8974 244c 
  0x000002bcdb90e8f0: 4489 4424 | 5044 8954 | 2454 6690 

  0x000002bcdb90e8fc: ;   {runtime_call UncommonTrapBlob}
  0x000002bcdb90e8fc: c5f8 77e8 

  0x000002bcdb90e900: ; ImmutableOopMap {rbp=Oop [40]=Oop [76]=NarrowOop [80]=NarrowOop [112]=Oop }
                      ;*ifle {reexecute=1 rethrow=0 return_oop=0}
                      ; - (reexecute) sun.nio.cs.StreamEncoder::writeBytes@57 (line 219)
                      ; - sun.nio.cs.StreamEncoder::implFlushBuffer@11 (line 315)
                      ; - sun.nio.cs.StreamEncoder::flushBuffer@15 (line 101)
                      ; - java.io.OutputStreamWriter::flushBuffer@4 (line 179)
                      ; - java.io.PrintStream::write@27 (line 666)
                      ; - java.io.PrintStream::print@5 (line 838)
                      ; - java.io.PrintStream::append@5 (line 1276)
                      ; - java.io.PrintStream::append@2 (line 64)
                      ; - org.gradle.internal.logging.text.StreamBackedStandardOutputListener::onOutput@5 (line 52)
                      ; - org.gradle.internal.logging.text.StreamingStyledTextOutput::doAppend@5 (line 55)
  0x000002bcdb90e900: 5c98 6eff 

  0x000002bcdb90e904: ;   {post_call_nop}
  0x000002bcdb90e904: 0f1f 8400 | fc28 002f | ba4d ffff | ff4c 8b44 | 2470 4c89 | 4424 3048 | ff74 2478 | 488f 4424 
  0x000002bcdb90e924: 3889 7424 | 6044 895c | 2464 4c89 | 5424 7848 | 899c 2488 | 0000 004c | 8994 2490 | 0000 0089 
  0x000002bcdb90e944: 8424 8400 | 0000 6690 

  0x000002bcdb90e94c: ;   {runtime_call UncommonTrapBlob}
  0x000002bcdb90e94c: c5f8 77e8 

  0x000002bcdb90e950: ; ImmutableOopMap {[32]=Oop [40]=NarrowOop [44]=NarrowOop [48]=Oop [56]=Oop [96]=NarrowOop [100]=NarrowOop [120]=Oop [132]=NarrowOop [136]=Oop [144]=Oop }
                      ;*ifne {reexecute=1 rethrow=0 return_oop=0}
                      ; - (reexecute) java.nio.CharBuffer::hasArray@11 (line 1491)
                      ; - sun.nio.cs.UTF_8$Encoder::encodeLoop@1 (line 563)
                      ; - java.nio.charset.CharsetEncoder::encode@57 (line 587)
                      ; - sun.nio.cs.StreamEncoder::implWrite@38 (line 280)
                      ; - sun.nio.cs.StreamEncoder::implWrite@11 (line 267)
                      ; - sun.nio.cs.StreamEncoder::write@60 (line 122)
                      ; - java.io.OutputStreamWriter::write@7 (line 206)
                      ; - java.io.BufferedWriter::flushBuffer@34 (line 168)
                      ; - java.io.PrintStream::write@20 (line 665)
                      ; - java.io.PrintStream::print@5 (line 838)
                      ; - java.io.PrintStream::append@5 (line 1276)
                      ; - java.io.PrintStream::append@2 (line 64)
                      ; - org.gradle.internal.logging.text.StreamBackedStandardOutputListener::onOutput@5 (line 52)
                      ; - org.gradle.internal.logging.text.StreamingStyledTextOutput::doAppend@5 (line 55)
  0x000002bcdb90e950: 0c98 6eff 

  0x000002bcdb90e954: ;   {post_call_nop}
  0x000002bcdb90e954: 0f1f 8400 | 4c29 0030 | ba4d ffff | ff4c 8b54 | 2470 4c89 | 5424 3048 | ff74 2478 | 488f 4424 
  0x000002bcdb90e974: 4066 6690 

  0x000002bcdb90e978: ;   {runtime_call UncommonTrapBlob}
  0x000002bcdb90e978: c5f8 77e8 

  0x000002bcdb90e97c: ; ImmutableOopMap {[32]=Oop [40]=NarrowOop [44]=NarrowOop [48]=Oop [56]=NarrowOop [60]=NarrowOop [64]=Oop [76]=NarrowOop [88]=Oop [96]=Oop }
                      ;*ifne {reexecute=1 rethrow=0 return_oop=0}
                      ; - (reexecute) java.nio.ByteBuffer::hasArray@11 (line 1491)
                      ; - sun.nio.cs.UTF_8$Encoder::encodeLoop@8 (line 563)
                      ; - java.nio.charset.CharsetEncoder::encode@57 (line 587)
                      ; - sun.nio.cs.StreamEncoder::implWrite@38 (line 280)
                      ; - sun.nio.cs.StreamEncoder::implWrite@11 (line 267)
                      ; - sun.nio.cs.StreamEncoder::write@60 (line 122)
                      ; - java.io.OutputStreamWriter::write@7 (line 206)
                      ; - java.io.BufferedWriter::flushBuffer@34 (line 168)
                      ; - java.io.PrintStream::write@20 (line 665)
                      ; - java.io.PrintStream::print@5 (line 838)
                      ; - java.io.PrintStream::append@5 (line 1276)
                      ; - java.io.PrintStream::append@2 (line 64)
                      ; - org.gradle.internal.logging.text.StreamBackedStandardOutputListener::onOutput@5 (line 52)
                      ; - org.gradle.internal.logging.text.StreamingStyledTextOutput::doAppend@5 (line 55)
  0x000002bcdb90e97c: e097 6eff 

  0x000002bcdb90e980: ;   {post_call_nop}
  0x000002bcdb90e980: 0f1f 8400 | 7829 0031 | ba4d ffff | ff49 8bea | 48ff 7424 | 7848 8f44 | 2430 6690 

  0x000002bcdb90e99c: ;   {runtime_call UncommonTrapBlob}
  0x000002bcdb90e99c: c5f8 77e8 

  0x000002bcdb90e9a0: ; ImmutableOopMap {rbp=Oop [48]=Oop [112]=Oop }
                      ;*ifnonnull {reexecute=1 rethrow=0 return_oop=0}
                      ; - (reexecute) java.lang.String::valueOf@1 (line 4543)
                      ; - java.io.PrintStream::append@2 (line 1276)
                      ; - java.io.PrintStream::append@2 (line 64)
                      ; - org.gradle.internal.logging.text.StreamBackedStandardOutputListener::onOutput@5 (line 52)
                      ; - org.gradle.internal.logging.text.StreamingStyledTextOutput::doAppend@5 (line 55)
  0x000002bcdb90e9a0: bc97 6eff 

  0x000002bcdb90e9a4: ;   {post_call_nop}
  0x000002bcdb90e9a4: 0f1f 8400 | 9c29 0032 | ba4d ffff | ff48 ff74 | 2478 488f | 4424 3090 

  0x000002bcdb90e9bc: ;   {runtime_call UncommonTrapBlob}
  0x000002bcdb90e9bc: c5f8 77e8 

  0x000002bcdb90e9c0: ; ImmutableOopMap {rbp=NarrowOop [32]=Oop [48]=Oop [112]=Oop }
                      ;*ifnonnull {reexecute=1 rethrow=0 return_oop=0}
                      ; - (reexecute) java.io.PrintStream::ensureOpen@4 (line 391)
                      ; - java.io.PrintStream::write@5 (line 663)
                      ; - java.io.PrintStream::print@5 (line 838)
                      ; - java.io.PrintStream::append@5 (line 1276)
                      ; - java.io.PrintStream::append@2 (line 64)
                      ; - org.gradle.internal.logging.text.StreamBackedStandardOutputListener::onOutput@5 (line 52)
                      ; - org.gradle.internal.logging.text.StreamingStyledTextOutput::doAppend@5 (line 55)
  0x000002bcdb90e9c0: 9c97 6eff 

  0x000002bcdb90e9c4: ;   {post_call_nop}
  0x000002bcdb90e9c4: 0f1f 8400 | bc29 0033 | ba4d ffff | ff48 ff74 | 2478 488f | 4424 3844 | 895c 2458 | 4489 4424 
  0x000002bcdb90e9e4: 5c44 894c | 2464 6690 

  0x000002bcdb90e9ec: ;   {runtime_call UncommonTrapBlob}
  0x000002bcdb90e9ec: c5f8 77e8 

  0x000002bcdb90e9f0: ; ImmutableOopMap {rbp=NarrowOop [32]=Oop [56]=Oop [88]=NarrowOop [100]=NarrowOop [112]=Oop }
                      ;*ifnonnull {reexecute=1 rethrow=0 return_oop=0}
                      ; - (reexecute) java.io.BufferedWriter::ensureOpen@4 (line 136)
                      ; - java.io.BufferedWriter::write@9 (line 273)
                      ; - java.io.Writer::write@7 (line 248)
                      ; - java.io.PrintStream::write@13 (line 664)
                      ; - java.io.PrintStream::print@5 (line 838)
                      ; - java.io.PrintStream::append@5 (line 1276)
                      ; - java.io.PrintStream::append@2 (line 64)
                      ; - org.gradle.internal.logging.text.StreamBackedStandardOutputListener::onOutput@5 (line 52)
                      ; - org.gradle.internal.logging.text.StreamingStyledTextOutput::doAppend@5 (line 55)
  0x000002bcdb90e9f0: 6c97 6eff 

  0x000002bcdb90e9f4: ;   {post_call_nop}
  0x000002bcdb90e9f4: 0f1f 8400 | ec29 0034 | ba4d ffff | ff48 8b6c | 2420 48ff | 7424 7848 | 8f44 2430 | 4489 4424 
  0x000002bcdb90ea14: 5444 894c | 245c 4489 | 5c24 6089 | 5c24 6890 

  0x000002bcdb90ea24: ;   {runtime_call UncommonTrapBlob}
  0x000002bcdb90ea24: c5f8 77e8 

  0x000002bcdb90ea28: ; ImmutableOopMap {rbp=Oop [48]=Oop [92]=NarrowOop [96]=NarrowOop [112]=Oop }
                      ;*ifge {reexecute=1 rethrow=0 return_oop=0}
                      ; - (reexecute) java.io.BufferedWriter::growIfNeeded@10 (line 149)
                      ; - java.io.BufferedWriter::write@14 (line 274)
                      ; - java.io.Writer::write@7 (line 248)
                      ; - java.io.PrintStream::write@13 (line 664)
                      ; - java.io.PrintStream::print@5 (line 838)
                      ; - java.io.PrintStream::append@5 (line 1276)
                      ; - java.io.PrintStream::append@2 (line 64)
                      ; - org.gradle.internal.logging.text.StreamBackedStandardOutputListener::onOutput@5 (line 52)
                      ; - org.gradle.internal.logging.text.StreamingStyledTextOutput::doAppend@5 (line 55)
  0x000002bcdb90ea28: 3497 6eff 

  0x000002bcdb90ea2c: ;   {post_call_nop}
  0x000002bcdb90ea2c: 0f1f 8400 | 242a 0035 | ba4d ffff | ff48 8b6c | 2420 48ff | 7424 7848 | 8f44 2430 | 4489 4424 
  0x000002bcdb90ea4c: 5444 894c | 245c 4489 | 5c24 6089 | 5c24 6844 | 896c 246c 

  0x000002bcdb90ea60: ;   {runtime_call UncommonTrapBlob}
  0x000002bcdb90ea60: c5f8 77e8 

  0x000002bcdb90ea64: ; ImmutableOopMap {rbp=Oop [48]=Oop [92]=NarrowOop [96]=NarrowOop [112]=Oop }
                      ;*if_icmple {reexecute=1 rethrow=0 return_oop=0}
                      ; - (reexecute) java.io.BufferedWriter::growIfNeeded@21 (line 151)
                      ; - java.io.BufferedWriter::write@14 (line 274)
                      ; - java.io.Writer::write@7 (line 248)
                      ; - java.io.PrintStream::write@13 (line 664)
                      ; - java.io.PrintStream::print@5 (line 838)
                      ; - java.io.PrintStream::append@5 (line 1276)
                      ; - java.io.PrintStream::append@2 (line 64)
                      ; - org.gradle.internal.logging.text.StreamBackedStandardOutputListener::onOutput@5 (line 52)
                      ; - org.gradle.internal.logging.text.StreamingStyledTextOutput::doAppend@5 (line 55)
  0x000002bcdb90ea64: f896 6eff 

  0x000002bcdb90ea68: ;   {post_call_nop}
  0x000002bcdb90ea68: 0f1f 8400 | 602a 0036 | ba4d ffff | ff48 ff74 | 2478 488f | 4424 2890 

  0x000002bcdb90ea80: ;   {runtime_call UncommonTrapBlob}
  0x000002bcdb90ea80: c5f8 77e8 

  0x000002bcdb90ea84: ; ImmutableOopMap {[40]=Oop [112]=Oop }
                      ;*ifeq {reexecute=1 rethrow=0 return_oop=0}
                      ; - (reexecute) java.io.PrintStream::write@34 (line 667)
                      ; - java.io.PrintStream::print@5 (line 838)
                      ; - java.io.PrintStream::append@5 (line 1276)
                      ; - java.io.PrintStream::append@2 (line 64)
                      ; - org.gradle.internal.logging.text.StreamBackedStandardOutputListener::onOutput@5 (line 52)
                      ; - org.gradle.internal.logging.text.StreamingStyledTextOutput::doAppend@5 (line 55)
  0x000002bcdb90ea84: d896 6eff 

  0x000002bcdb90ea88: ;   {post_call_nop}
  0x000002bcdb90ea88: 0f1f 8400 | 802a 0037 | ba4d ffff | ff48 ff74 | 2478 488f | 4424 3844 | 895c 245c | 4489 4424 
  0x000002bcdb90eaa8: 6044 894c | 2464 8974 | 246c 6690 

  0x000002bcdb90eab4: ;   {runtime_call UncommonTrapBlob}
  0x000002bcdb90eab4: c5f8 77e8 

  0x000002bcdb90eab8: ; ImmutableOopMap {[32]=Oop [40]=NarrowOop [44]=NarrowOop [56]=Oop [92]=NarrowOop [96]=NarrowOop [108]=NarrowOop [112]=Oop }
                      ;*ifeq {reexecute=1 rethrow=0 return_oop=0}
                      ; - (reexecute) sun.nio.cs.StreamEncoder::ensureOpen@4 (line 49)
                      ; - sun.nio.cs.StreamEncoder::write@9 (line 115)
                      ; - java.io.OutputStreamWriter::write@7 (line 206)
                      ; - java.io.BufferedWriter::flushBuffer@34 (line 168)
                      ; - java.io.PrintStream::write@20 (line 665)
                      ; - java.io.PrintStream::print@5 (line 838)
                      ; - java.io.PrintStream::append@5 (line 1276)
                      ; - java.io.PrintStream::append@2 (line 64)
                      ; - org.gradle.internal.logging.text.StreamBackedStandardOutputListener::onOutput@5 (line 52)
                      ; - org.gradle.internal.logging.text.StreamingStyledTextOutput::doAppend@5 (line 55)
  0x000002bcdb90eab8: a496 6eff 

  0x000002bcdb90eabc: ;   {post_call_nop}
  0x000002bcdb90eabc: 0f1f 8400 | b42a 0038 | ba45 ffff | ff48 8b6c | 2420 48ff | 7424 7848 | 8f44 2430 | 4489 5c24 
  0x000002bcdb90eadc: 5444 8944 | 2458 4489 | 4c24 6489 | 7424 6890 

  0x000002bcdb90eaec: ;   {runtime_call UncommonTrapBlob}
  0x000002bcdb90eaec: c5f8 77e8 

  0x000002bcdb90eaf0: ; ImmutableOopMap {rbp=Oop [40]=NarrowOop [44]=NarrowOop [48]=Oop [84]=NarrowOop [88]=NarrowOop [104]=NarrowOop [112]=Oop }
                      ;*iflt {reexecute=1 rethrow=0 return_oop=0}
                      ; - (reexecute) sun.nio.cs.StreamEncoder::write@23 (line 116)
                      ; - java.io.OutputStreamWriter::write@7 (line 206)
                      ; - java.io.BufferedWriter::flushBuffer@34 (line 168)
                      ; - java.io.PrintStream::write@20 (line 665)
                      ; - java.io.PrintStream::print@5 (line 838)
                      ; - java.io.PrintStream::append@5 (line 1276)
                      ; - java.io.PrintStream::append@2 (line 64)
                      ; - org.gradle.internal.logging.text.StreamBackedStandardOutputListener::onOutput@5 (line 52)
                      ; - org.gradle.internal.logging.text.StreamingStyledTextOutput::doAppend@5 (line 55)
  0x000002bcdb90eaf0: 6c96 6eff 

  0x000002bcdb90eaf4: ;   {post_call_nop}
  0x000002bcdb90eaf4: 0f1f 8400 | ec2a 0039 | ba4d ffff | ff48 8b6c | 2420 488b | 4c24 7048 | 894c 2420 | 48ff 7424 
  0x000002bcdb90eb14: 7848 8f44 | 2430 8974 | 2458 4489 | 5c24 5c4c | 8954 2468 | 4c89 5424 | 7044 8944 | 2478 4489 
  0x000002bcdb90eb34: 4c24 7c90 

  0x000002bcdb90eb38: ;   {runtime_call UncommonTrapBlob}
  0x000002bcdb90eb38: c5f8 77e8 

  0x000002bcdb90eb3c: ; ImmutableOopMap {rbp=Oop [32]=Oop [40]=NarrowOop [44]=NarrowOop [48]=Oop [88]=NarrowOop [92]=NarrowOop [104]=Oop [112]=Oop [120]=NarrowOop }
                      ;*if_icmple {reexecute=1 rethrow=0 return_oop=0}
                      ; - (reexecute) java.nio.Buffer::limit@55 (line 382)
                      ; - java.nio.CharBuffer::limit@2 (line 1575)
                      ; - java.nio.CharBuffer::limit@2 (line 292)
                      ; - java.nio.Buffer::<init>@39 (line 255)
                      ; - java.nio.CharBuffer::<init>@8 (line 323)
                      ; - java.nio.HeapCharBuffer::<init>@12 (line 89)
                      ; - java.nio.CharBuffer::wrap@8 (line 443)
                      ; - sun.nio.cs.StreamEncoder::implWrite@3 (line 266)
                      ; - sun.nio.cs.StreamEncoder::write@60 (line 122)
                      ; - java.io.OutputStreamWriter::write@7 (line 206)
                      ; - java.io.BufferedWriter::flushBuffer@34 (line 168)
                      ; - java.io.PrintStream::write@20 (line 665)
                      ; - java.io.PrintStream::print@5 (line 838)
                      ; - java.io.PrintStream::append@5 (line 1276)
                      ; - java.io.PrintStream::append@2 (line 64)
                      ; - org.gradle.internal.logging.text.StreamBackedStandardOutputListener::onOutput@5 (line 52)
                      ; - org.gradle.internal.logging.text.StreamingStyledTextOutput::doAppend@5 (line 55)
  0x000002bcdb90eb3c: 2096 6eff 

  0x000002bcdb90eb40: ;   {post_call_nop}
  0x000002bcdb90eb40: 0f1f 8400 | 382b 003a | ba4d ffff | ff48 ff74 | 2478 488f | 4424 3889 | 7424 6044 | 895c 2464 
  0x000002bcdb90eb60: 4c89 5424 | 6866 6690 

  0x000002bcdb90eb68: ;   {runtime_call UncommonTrapBlob}
  0x000002bcdb90eb68: c5f8 77e8 

  0x000002bcdb90eb6c: ; ImmutableOopMap {[32]=Oop [40]=NarrowOop [44]=NarrowOop [56]=Oop [96]=NarrowOop [100]=NarrowOop [104]=Oop [112]=Oop }
                      ;*ifeq {reexecute=1 rethrow=0 return_oop=0}
                      ; - (reexecute) sun.nio.cs.StreamEncoder::implWrite@4 (line 273)
                      ; - sun.nio.cs.StreamEncoder::implWrite@11 (line 267)
                      ; - sun.nio.cs.StreamEncoder::write@60 (line 122)
                      ; - java.io.OutputStreamWriter::write@7 (line 206)
                      ; - java.io.BufferedWriter::flushBuffer@34 (line 168)
                      ; - java.io.PrintStream::write@20 (line 665)
                      ; - java.io.PrintStream::print@5 (line 838)
                      ; - java.io.PrintStream::append@5 (line 1276)
                      ; - java.io.PrintStream::append@2 (line 64)
                      ; - org.gradle.internal.logging.text.StreamBackedStandardOutputListener::onOutput@5 (line 52)
                      ; - org.gradle.internal.logging.text.StreamingStyledTextOutput::doAppend@5 (line 55)
  0x000002bcdb90eb6c: f095 6eff 

  0x000002bcdb90eb70: ;   {post_call_nop}
  0x000002bcdb90eb70: 0f1f 8400 | 682b 003b | ba4d ffff | ff4c 8b4c | 2470 4c89 | 4c24 3048 | ff74 2478 | 488f 4424 
  0x000002bcdb90eb90: 3889 7424 | 6044 895c | 2464 4c89 | 5424 6844 | 8944 2470 

  0x000002bcdb90eba4: ;   {runtime_call UncommonTrapBlob}
  0x000002bcdb90eba4: c5f8 77e8 

  0x000002bcdb90eba8: ; ImmutableOopMap {[32]=Oop [40]=NarrowOop [44]=NarrowOop [48]=Oop [56]=Oop [96]=NarrowOop [100]=NarrowOop [104]=Oop }
                      ;*if_icmpge {reexecute=1 rethrow=0 return_oop=0}
                      ; - (reexecute) sun.nio.cs.StreamEncoder::growByteBufferIfNeeded@13 (line 303)
                      ; - sun.nio.cs.StreamEncoder::implWrite@18 (line 277)
                      ; - sun.nio.cs.StreamEncoder::implWrite@11 (line 267)
                      ; - sun.nio.cs.StreamEncoder::write@60 (line 122)
                      ; - java.io.OutputStreamWriter::write@7 (line 206)
                      ; - java.io.BufferedWriter::flushBuffer@34 (line 168)
                      ; - java.io.PrintStream::write@20 (line 665)
                      ; - java.io.PrintStream::print@5 (line 838)
                      ; - java.io.PrintStream::append@5 (line 1276)
                      ; - java.io.PrintStream::append@2 (line 64)
                      ; - org.gradle.internal.logging.text.StreamBackedStandardOutputListener::onOutput@5 (line 52)
                      ; - org.gradle.internal.logging.text.StreamingStyledTextOutput::doAppend@5 (line 55)
  0x000002bcdb90eba8: b495 6eff 

  0x000002bcdb90ebac: ;   {post_call_nop}
  0x000002bcdb90ebac: 0f1f 8400 | a42b 003c | ba4d ffff | ff48 ff74 | 2478 488f | 4424 3089 | 7424 5444 | 8944 2458 
  0x000002bcdb90ebcc: 4489 5424 | 5c89 4424 | 6066 6690 

  0x000002bcdb90ebd8: ;   {runtime_call UncommonTrapBlob}
  0x000002bcdb90ebd8: c5f8 77e8 

  0x000002bcdb90ebdc: ; ImmutableOopMap {[32]=Oop [48]=Oop [84]=NarrowOop [88]=NarrowOop [96]=NarrowOop [112]=Oop }
                      ;*ifeq {reexecute=1 rethrow=0 return_oop=0}
                      ; - (reexecute) java.nio.ByteBuffer::array@19 (line 1516)
                      ; - sun.nio.cs.StreamEncoder::writeBytes@68 (line 220)
                      ; - sun.nio.cs.StreamEncoder::implFlushBuffer@11 (line 315)
                      ; - sun.nio.cs.StreamEncoder::flushBuffer@15 (line 101)
                      ; - java.io.OutputStreamWriter::flushBuffer@4 (line 179)
                      ; - java.io.PrintStream::write@27 (line 666)
                      ; - java.io.PrintStream::print@5 (line 838)
                      ; - java.io.PrintStream::append@5 (line 1276)
                      ; - java.io.PrintStream::append@2 (line 64)
                      ; - org.gradle.internal.logging.text.StreamBackedStandardOutputListener::onOutput@5 (line 52)
                      ; - org.gradle.internal.logging.text.StreamingStyledTextOutput::doAppend@5 (line 55)
  0x000002bcdb90ebdc: 8095 6eff 

  0x000002bcdb90ebe0: ;   {post_call_nop}
  0x000002bcdb90ebe0: 0f1f 8400 | d82b 003d | ba4d ffff | ff4c 8b54 | 2470 4c89 | 5424 3048 | ff74 2478 | 488f 4424 
  0x000002bcdb90ec00: 384c 8944 | 2468 4c89 | 4424 7090 

  0x000002bcdb90ec0c: ;   {runtime_call UncommonTrapBlob}
  0x000002bcdb90ec0c: c5f8 77e8 

  0x000002bcdb90ec10: ; ImmutableOopMap {[32]=Oop [40]=NarrowOop [44]=NarrowOop [48]=Oop [56]=Oop [104]=Oop [112]=Oop }
                      ;*ifeq {reexecute=1 rethrow=0 return_oop=0}
                      ; - (reexecute) java.io.PrintStream::write@23 (line 540)
                      ; - sun.nio.cs.StreamEncoder::writeBytes@81 (line 220)
                      ; - sun.nio.cs.StreamEncoder::implFlushBuffer@11 (line 315)
                      ; - sun.nio.cs.StreamEncoder::flushBuffer@15 (line 101)
                      ; - java.io.OutputStreamWriter::flushBuffer@4 (line 179)
                      ; - java.io.PrintStream::write@27 (line 666)
                      ; - java.io.PrintStream::print@5 (line 838)
                      ; - java.io.PrintStream::append@5 (line 1276)
                      ; - java.io.PrintStream::append@2 (line 64)
                      ; - org.gradle.internal.logging.text.StreamBackedStandardOutputListener::onOutput@5 (line 52)
                      ; - org.gradle.internal.logging.text.StreamingStyledTextOutput::doAppend@5 (line 55)
  0x000002bcdb90ec10: 4c95 6eff 

  0x000002bcdb90ec14: ;   {post_call_nop}
  0x000002bcdb90ec14: 0f1f 8400 | 0c2c 003e | ba4d ffff | ff4c 8b44 | 2470 4c89 | 4424 3048 | ff74 2478 | 488f 4424 
  0x000002bcdb90ec34: 3889 7424 | 6044 895c | 2464 894c | 2470 4c89 | 5424 7889 | 4424 7490 

  0x000002bcdb90ec4c: ;   {runtime_call UncommonTrapBlob}
  0x000002bcdb90ec4c: c5f8 77e8 

  0x000002bcdb90ec50: ; ImmutableOopMap {[32]=Oop [40]=NarrowOop [44]=NarrowOop [48]=Oop [56]=Oop [96]=NarrowOop [100]=NarrowOop [112]=NarrowOop [116]=NarrowOop [120]=Oop }
                      ;*if_icmpeq {reexecute=1 rethrow=0 return_oop=0}
                      ; - (reexecute) java.nio.charset.CharsetEncoder::encode@23 (line 578)
                      ; - sun.nio.cs.StreamEncoder::implWrite@38 (line 280)
                      ; - sun.nio.cs.StreamEncoder::implWrite@11 (line 267)
                      ; - sun.nio.cs.StreamEncoder::write@60 (line 122)
                      ; - java.io.OutputStreamWriter::write@7 (line 206)
                      ; - java.io.BufferedWriter::flushBuffer@34 (line 168)
                      ; - java.io.PrintStream::write@20 (line 665)
                      ; - java.io.PrintStream::print@5 (line 838)
                      ; - java.io.PrintStream::append@5 (line 1276)
                      ; - java.io.PrintStream::append@2 (line 64)
                      ; - org.gradle.internal.logging.text.StreamBackedStandardOutputListener::onOutput@5 (line 52)
                      ; - org.gradle.internal.logging.text.StreamingStyledTextOutput::doAppend@5 (line 55)
  0x000002bcdb90ec50: 0c95 6eff 

  0x000002bcdb90ec54: ;   {post_call_nop}
  0x000002bcdb90ec54: 0f1f 8400 | 4c2c 003f | ba4d ffff | ff48 8b6c | 2420 4c8b | 4424 704c | 8944 2420 | 48ff 7424 
  0x000002bcdb90ec74: 7848 8f44 | 2430 8974 | 2458 4489 | 5c24 5c4c | 8954 2470 | 4889 9c24 | 8000 0000 | 4c89 9424 
  0x000002bcdb90ec94: 8800 0000 | 8944 247c | 4489 ac24 | 9000 0000 

  0x000002bcdb90eca4: ;   {runtime_call UncommonTrapBlob}
  0x000002bcdb90eca4: c5f8 77e8 

  0x000002bcdb90eca8: ; ImmutableOopMap {rbp=Oop [32]=Oop [40]=NarrowOop [44]=NarrowOop [48]=Oop [88]=NarrowOop [92]=NarrowOop [112]=Oop [124]=NarrowOop [128]=Oop [136]=Oop [144]=NarrowOop }
                      ;*ifnull {reexecute=1 rethrow=0 return_oop=0}
                      ; - (reexecute) java.nio.CharBuffer::hasArray@4 (line 1491)
                      ; - sun.nio.cs.UTF_8$Encoder::encodeLoop@1 (line 563)
                      ; - java.nio.charset.CharsetEncoder::encode@57 (line 587)
                      ; - sun.nio.cs.StreamEncoder::implWrite@38 (line 280)
                      ; - sun.nio.cs.StreamEncoder::implWrite@11 (line 267)
                      ; - sun.nio.cs.StreamEncoder::write@60 (line 122)
                      ; - java.io.OutputStreamWriter::write@7 (line 206)
                      ; - java.io.BufferedWriter::flushBuffer@34 (line 168)
                      ; - java.io.PrintStream::write@20 (line 665)
                      ; - java.io.PrintStream::print@5 (line 838)
                      ; - java.io.PrintStream::append@5 (line 1276)
                      ; - java.io.PrintStream::append@2 (line 64)
                      ; - org.gradle.internal.logging.text.StreamBackedStandardOutputListener::onOutput@5 (line 52)
                      ; - org.gradle.internal.logging.text.StreamingStyledTextOutput::doAppend@5 (line 55)
  0x000002bcdb90eca8: b494 6eff 

  0x000002bcdb90ecac: ;   {post_call_nop}
  0x000002bcdb90ecac: 0f1f 8400 | a42c 0040 | ba4d ffff | ff48 8b6c | 2420 4c8b | 4424 704c | 8944 2420 | 48ff 7424 
  0x000002bcdb90eccc: 7848 8f44 | 2430 8974 | 2458 4489 | 5c24 5c4c | 8954 2470 | 4889 9c24 | 8000 0000 | 4c89 9424 
  0x000002bcdb90ecec: 8800 0000 | 8944 247c | 4489 b424 | 9000 0000 

  0x000002bcdb90ecfc: ;   {runtime_call UncommonTrapBlob}
  0x000002bcdb90ecfc: c5f8 77e8 

  0x000002bcdb90ed00: ; ImmutableOopMap {rbp=Oop [32]=Oop [40]=NarrowOop [44]=NarrowOop [48]=Oop [88]=NarrowOop [92]=NarrowOop [112]=Oop [124]=NarrowOop [128]=Oop [136]=Oop [144]=NarrowOop }
                      ;*ifnull {reexecute=1 rethrow=0 return_oop=0}
                      ; - (reexecute) java.nio.ByteBuffer::hasArray@4 (line 1491)
                      ; - sun.nio.cs.UTF_8$Encoder::encodeLoop@8 (line 563)
                      ; - java.nio.charset.CharsetEncoder::encode@57 (line 587)
                      ; - sun.nio.cs.StreamEncoder::implWrite@38 (line 280)
                      ; - sun.nio.cs.StreamEncoder::implWrite@11 (line 267)
                      ; - sun.nio.cs.StreamEncoder::write@60 (line 122)
                      ; - java.io.OutputStreamWriter::write@7 (line 206)
                      ; - java.io.BufferedWriter::flushBuffer@34 (line 168)
                      ; - java.io.PrintStream::write@20 (line 665)
                      ; - java.io.PrintStream::print@5 (line 838)
                      ; - java.io.PrintStream::append@5 (line 1276)
                      ; - java.io.PrintStream::append@2 (line 64)
                      ; - org.gradle.internal.logging.text.StreamBackedStandardOutputListener::onOutput@5 (line 52)
                      ; - org.gradle.internal.logging.text.StreamingStyledTextOutput::doAppend@5 (line 55)
  0x000002bcdb90ed00: 5c94 6eff 

  0x000002bcdb90ed04: ;   {post_call_nop}
  0x000002bcdb90ed04: 0f1f 8400 | fc2c 0041 | 468d 141b | ba4d ffff | ff48 8b6c | 2420 4c8b | 5c24 704c | 895c 2420 
  0x000002bcdb90ed24: 4c8b 5c24 | 784c 895c | 2440 4c89 | 5c24 5044 | 89ac 2494 | 0000 0044 | 89b4 24a0 | 0000 0044 
  0x000002bcdb90ed44: 8994 24a4 | 0000 0044 | 8984 24a8 | 0000 0044 | 898c 24ac | 0000 0090 

  0x000002bcdb90ed5c: ;   {runtime_call UncommonTrapBlob}
  0x000002bcdb90ed5c: c5f8 77e8 

  0x000002bcdb90ed60: ; ImmutableOopMap {rbp=Oop [32]=Oop [40]=NarrowOop [44]=NarrowOop [56]=NarrowOop [60]=NarrowOop [64]=Oop [76]=NarrowOop [80]=Oop [88]=Oop [96]=Oop [148]=NarrowOop [160]=NarrowOop }
                      ;*if_icmpge {reexecute=1 rethrow=0 return_oop=0}
                      ; - (reexecute) sun.nio.cs.UTF_8$Encoder::encodeArrayLoop@103 (line 460)
                      ; - sun.nio.cs.UTF_8$Encoder::encodeLoop@17 (line 564)
                      ; - java.nio.charset.CharsetEncoder::encode@57 (line 587)
                      ; - sun.nio.cs.StreamEncoder::implWrite@38 (line 280)
                      ; - sun.nio.cs.StreamEncoder::implWrite@11 (line 267)
                      ; - sun.nio.cs.StreamEncoder::write@60 (line 122)
                      ; - java.io.OutputStreamWriter::write@7 (line 206)
                      ; - java.io.BufferedWriter::flushBuffer@34 (line 168)
                      ; - java.io.PrintStream::write@20 (line 665)
                      ; - java.io.PrintStream::print@5 (line 838)
                      ; - java.io.PrintStream::append@5 (line 1276)
                      ; - java.io.PrintStream::append@2 (line 64)
                      ; - org.gradle.internal.logging.text.StreamBackedStandardOutputListener::onOutput@5 (line 52)
                      ; - org.gradle.internal.logging.text.StreamingStyledTextOutput::doAppend@5 (line 55)
  0x000002bcdb90ed60: fc93 6eff 

  0x000002bcdb90ed64: ;   {post_call_nop}
  0x000002bcdb90ed64: 0f1f 8400 | 5c2d 0042 | ba4d ffff | ff48 8b7c | 2470 4889 | 7c24 2848 | ff74 2478 | 488f 4424 
  0x000002bcdb90ed84: 3089 7424 | 5444 8944 | 2458 4889 | 4c24 6848 | 894c 2470 | 4889 5c24 | 7844 895c | 245c 4489 
  0x000002bcdb90eda4: 8c24 8000 | 0000 4489 | 9424 8400 | 0000 8984 | 2488 0000 | 0066 6690 

  0x000002bcdb90edbc: ;   {runtime_call UncommonTrapBlob}
  0x000002bcdb90edbc: c5f8 77e8 

  0x000002bcdb90edc0: ; ImmutableOopMap {[32]=Oop [40]=Oop [48]=Oop [84]=NarrowOop [88]=NarrowOop [92]=NarrowOop [104]=Oop [112]=Oop [120]=Oop }
                      ;*ifeq {reexecute=1 rethrow=0 return_oop=0}
                      ; - (reexecute) java.io.FileOutputStream::write@17 (line 356)
                      ; - java.io.PrintStream::write@16 (line 539)
                      ; - sun.nio.cs.StreamEncoder::writeBytes@81 (line 220)
                      ; - sun.nio.cs.StreamEncoder::implFlushBuffer@11 (line 315)
                      ; - sun.nio.cs.StreamEncoder::flushBuffer@15 (line 101)
                      ; - java.io.OutputStreamWriter::flushBuffer@4 (line 179)
                      ; - java.io.PrintStream::write@27 (line 666)
                      ; - java.io.PrintStream::print@5 (line 838)
                      ; - java.io.PrintStream::append@5 (line 1276)
                      ; - java.io.PrintStream::append@2 (line 64)
                      ; - org.gradle.internal.logging.text.StreamBackedStandardOutputListener::onOutput@5 (line 52)
                      ; - org.gradle.internal.logging.text.StreamingStyledTextOutput::doAppend@5 (line 55)
  0x000002bcdb90edc0: 9c93 6eff 

  0x000002bcdb90edc4: ;   {post_call_nop}
  0x000002bcdb90edc4: 0f1f 8400 | bc2d 0043 | ba4d ffff | ff4c 8b5c | 2470 4c89 | 5c24 3048 | ff74 2478 | 488f 4424 
  0x000002bcdb90ede4: 4044 8994 | 2488 0000 | 0066 6690 

  0x000002bcdb90edf0: ;   {runtime_call UncommonTrapBlob}
  0x000002bcdb90edf0: c5f8 77e8 

  0x000002bcdb90edf4: ; ImmutableOopMap {rbp=NarrowOop [32]=Oop [40]=NarrowOop [44]=NarrowOop [48]=Oop [56]=NarrowOop [64]=Oop [76]=NarrowOop [88]=Oop [96]=Oop [136]=NarrowOop }
                      ;*ifnonnull {reexecute=1 rethrow=0 return_oop=0}
                      ; - (reexecute) java.nio.ByteBuffer::arrayOffset@4 (line 1542)
                      ; - sun.nio.cs.UTF_8::updatePositions@14 (line 83)
                      ; - sun.nio.cs.UTF_8$Encoder::encodeArrayLoop@130 (line 463)
                      ; - sun.nio.cs.UTF_8$Encoder::encodeLoop@17 (line 564)
                      ; - java.nio.charset.CharsetEncoder::encode@57 (line 587)
                      ; - sun.nio.cs.StreamEncoder::implWrite@38 (line 280)
                      ; - sun.nio.cs.StreamEncoder::implWrite@11 (line 267)
                      ; - sun.nio.cs.StreamEncoder::write@60 (line 122)
                      ; - java.io.OutputStreamWriter::write@7 (line 206)
                      ; - java.io.BufferedWriter::flushBuffer@34 (line 168)
                      ; - java.io.PrintStream::write@20 (line 665)
                      ; - java.io.PrintStream::print@5 (line 838)
                      ; - java.io.PrintStream::append@5 (line 1276)
                      ; - java.io.PrintStream::append@2 (line 64)
                      ; - org.gradle.internal.logging.text.StreamBackedStandardOutputListener::onOutput@5 (line 52)
                      ; - org.gradle.internal.logging.text.StreamingStyledTextOutput::doAppend@5 (line 55)
  0x000002bcdb90edf4: 6893 6eff 

  0x000002bcdb90edf8: ;   {post_call_nop}
  0x000002bcdb90edf8: 0f1f 8400 | f02d 0044 | ba4d ffff | ff4c 8b5c | 2470 4c89 | 5c24 3048 | ff74 2478 | 488f 4424 
  0x000002bcdb90ee18: 4044 8994 | 2488 0000 | 0066 6690 

  0x000002bcdb90ee24: ;   {runtime_call UncommonTrapBlob}
  0x000002bcdb90ee24: c5f8 77e8 

  0x000002bcdb90ee28: ; ImmutableOopMap {[32]=Oop [40]=NarrowOop [44]=NarrowOop [48]=Oop [56]=NarrowOop [64]=Oop [76]=NarrowOop [88]=Oop [96]=Oop [136]=NarrowOop }
                      ;*ifeq {reexecute=1 rethrow=0 return_oop=0}
                      ; - (reexecute) java.nio.ByteBuffer::arrayOffset@19 (line 1544)
                      ; - sun.nio.cs.UTF_8::updatePositions@14 (line 83)
                      ; - sun.nio.cs.UTF_8$Encoder::encodeArrayLoop@130 (line 463)
                      ; - sun.nio.cs.UTF_8$Encoder::encodeLoop@17 (line 564)
                      ; - java.nio.charset.CharsetEncoder::encode@57 (line 587)
                      ; - sun.nio.cs.StreamEncoder::implWrite@38 (line 280)
                      ; - sun.nio.cs.StreamEncoder::implWrite@11 (line 267)
                      ; - sun.nio.cs.StreamEncoder::write@60 (line 122)
                      ; - java.io.OutputStreamWriter::write@7 (line 206)
                      ; - java.io.BufferedWriter::flushBuffer@34 (line 168)
                      ; - java.io.PrintStream::write@20 (line 665)
                      ; - java.io.PrintStream::print@5 (line 838)
                      ; - java.io.PrintStream::append@5 (line 1276)
                      ; - java.io.PrintStream::append@2 (line 64)
                      ; - org.gradle.internal.logging.text.StreamBackedStandardOutputListener::onOutput@5 (line 52)
                      ; - org.gradle.internal.logging.text.StreamingStyledTextOutput::doAppend@5 (line 55)
  0x000002bcdb90ee28: 3493 6eff 

  0x000002bcdb90ee2c: ;   {post_call_nop}
  0x000002bcdb90ee2c: 0f1f 8400 | 242e 0045 | ba4d ffff | ff48 ff74 | 2478 488f | 4424 404c | 8944 2468 

  0x000002bcdb90ee48: ;   {runtime_call UncommonTrapBlob}
  0x000002bcdb90ee48: c5f8 77e8 

  0x000002bcdb90ee4c: ; ImmutableOopMap {[32]=Oop [40]=NarrowOop [44]=NarrowOop [56]=NarrowOop [64]=Oop [76]=NarrowOop [104]=Oop [112]=Oop }
                      ;*if_icmpne {reexecute=1 rethrow=0 return_oop=0}
                      ; - (reexecute) sun.nio.cs.StreamEncoder::implWrite@80 (line 283)
                      ; - sun.nio.cs.StreamEncoder::implWrite@11 (line 267)
                      ; - sun.nio.cs.StreamEncoder::write@60 (line 122)
                      ; - java.io.OutputStreamWriter::write@7 (line 206)
                      ; - java.io.BufferedWriter::flushBuffer@34 (line 168)
                      ; - java.io.PrintStream::write@20 (line 665)
                      ; - java.io.PrintStream::print@5 (line 838)
                      ; - java.io.PrintStream::append@5 (line 1276)
                      ; - java.io.PrintStream::append@2 (line 64)
                      ; - org.gradle.internal.logging.text.StreamBackedStandardOutputListener::onOutput@5 (line 52)
                      ; - org.gradle.internal.logging.text.StreamingStyledTextOutput::doAppend@5 (line 55)
  0x000002bcdb90ee4c: 1093 6eff 

  0x000002bcdb90ee50: ;   {post_call_nop}
  0x000002bcdb90ee50: 0f1f 8400 | 482e 0046 | ba4d ffff | ff4c 8b54 | 2470 4c89 | 5424 3848 | ff74 2478 | 488f 4424 
  0x000002bcdb90ee70: 4044 895c | 2460 4489 | 4424 6c44 | 894c 2470 | 4489 4424 | 7489 5c24 | 7889 8c24 | 8000 0000 
  0x000002bcdb90ee90: 89b4 2488 | 0000 0090 

  0x000002bcdb90ee98: ;   {runtime_call UncommonTrapBlob}
  0x000002bcdb90ee98: c5f8 77e8 

  0x000002bcdb90ee9c: ; ImmutableOopMap {[32]=Oop [56]=Oop [64]=Oop [96]=NarrowOop [112]=NarrowOop [120]=NarrowOop }
                      ;*iflt {reexecute=1 rethrow=0 return_oop=0}
                      ; - (reexecute) jdk.internal.util.Preconditions::checkFromIndexSize@5 (line 396)
                      ; - java.lang.String::checkBoundsOffCount@6 (line 4938)
                      ; - java.lang.String::getChars@16 (line 1770)
                      ; - java.io.BufferedWriter::write@68 (line 278)
                      ; - java.io.Writer::write@7 (line 248)
                      ; - java.io.PrintStream::write@13 (line 664)
                      ; - java.io.PrintStream::print@5 (line 838)
                      ; - java.io.PrintStream::append@5 (line 1276)
                      ; - java.io.PrintStream::append@2 (line 64)
                      ; - org.gradle.internal.logging.text.StreamBackedStandardOutputListener::onOutput@5 (line 52)
                      ; - org.gradle.internal.logging.text.StreamingStyledTextOutput::doAppend@5 (line 55)
  0x000002bcdb90ee9c: c092 6eff 

  0x000002bcdb90eea0: ;   {post_call_nop}
  0x000002bcdb90eea0: 0f1f 8400 | 982e 0047 | 33ff 4585 | f640 0f94 | c7ba 4dff | ffff 488b | 6c24 204c | 8b54 2470 
  0x000002bcdb90eec0: 4c89 5424 | 3048 ff74 | 2478 488f | 4424 3844 | 895c 2458 | 4489 4424 | 6444 894c | 2468 4489 
  0x000002bcdb90eee0: 4424 6c89 | 5c24 7089 | 4c24 7489 | 7c24 7890 

  0x000002bcdb90eef0: ;   {runtime_call UncommonTrapBlob}
  0x000002bcdb90eef0: c5f8 77e8 

  0x000002bcdb90eef4: ; ImmutableOopMap {rbp=Oop [48]=Oop [56]=Oop [88]=NarrowOop [104]=NarrowOop [112]=NarrowOop }
                      ;*ifeq {reexecute=1 rethrow=0 return_oop=0}
                      ; - (reexecute) java.lang.String::getChars@24 (line 1771)
                      ; - java.io.BufferedWriter::write@68 (line 278)
                      ; - java.io.Writer::write@7 (line 248)
                      ; - java.io.PrintStream::write@13 (line 664)
                      ; - java.io.PrintStream::print@5 (line 838)
                      ; - java.io.PrintStream::append@5 (line 1276)
                      ; - java.io.PrintStream::append@2 (line 64)
                      ; - org.gradle.internal.logging.text.StreamBackedStandardOutputListener::onOutput@5 (line 52)
                      ; - org.gradle.internal.logging.text.StreamingStyledTextOutput::doAppend@5 (line 55)
  0x000002bcdb90eef4: 6892 6eff 

  0x000002bcdb90eef8: ;   {post_call_nop}
  0x000002bcdb90eef8: 0f1f 8400 | f02e 0048 | ba4d ffff | ff48 ff74 | 2478 488f | 4424 3844 | 895c 2458 | 4489 4c24 
  0x000002bcdb90ef18: 6444 8944 | 2468 6690 

  0x000002bcdb90ef20: ;   {runtime_call UncommonTrapBlob}
  0x000002bcdb90ef20: c5f8 77e8 

  0x000002bcdb90ef24: ; ImmutableOopMap {[32]=Oop [56]=Oop [88]=NarrowOop [100]=NarrowOop [112]=Oop }
                      ;*if_icmpge {reexecute=1 rethrow=0 return_oop=0}
                      ; - (reexecute) java.io.BufferedWriter::min@2 (line 193)
                      ; - java.io.BufferedWriter::write@47 (line 277)
                      ; - java.io.Writer::write@7 (line 248)
                      ; - java.io.PrintStream::write@13 (line 664)
                      ; - java.io.PrintStream::print@5 (line 838)
                      ; - java.io.PrintStream::append@5 (line 1276)
                      ; - java.io.PrintStream::append@2 (line 64)
                      ; - org.gradle.internal.logging.text.StreamBackedStandardOutputListener::onOutput@5 (line 52)
                      ; - org.gradle.internal.logging.text.StreamingStyledTextOutput::doAppend@5 (line 55)
  0x000002bcdb90ef24: 3892 6eff 

  0x000002bcdb90ef28: ;   {post_call_nop}
  0x000002bcdb90ef28: 0f1f 8400 | 202f 0049 | ba4d ffff | ff4c 8b54 | 2470 4c89 | 5424 3848 | ff74 2478 | 488f 4424 
  0x000002bcdb90ef48: 4044 895c | 2460 4489 | 4424 6c44 | 894c 2470 | 4489 4424 | 7489 5c24 | 7889 4c24 | 7c66 6690 
  0x000002bcdb90ef68: ;   {runtime_call UncommonTrapBlob}
  0x000002bcdb90ef68: c5f8 77e8 

  0x000002bcdb90ef6c: ; ImmutableOopMap {[32]=Oop [56]=Oop [64]=Oop [96]=NarrowOop [112]=NarrowOop [120]=NarrowOop }
                      ;*if_icmple {reexecute=1 rethrow=0 return_oop=0}
                      ; - (reexecute) jdk.internal.util.Preconditions::checkFromToIndex@11 (line 348)
                      ; - java.lang.String::checkBoundsBeginEnd@6 (line 4950)
                      ; - java.lang.String::getChars@6 (line 1769)
                      ; - java.io.BufferedWriter::write@68 (line 278)
                      ; - java.io.Writer::write@7 (line 248)
                      ; - java.io.PrintStream::write@13 (line 664)
                      ; - java.io.PrintStream::print@5 (line 838)
                      ; - java.io.PrintStream::append@5 (line 1276)
                      ; - java.io.PrintStream::append@2 (line 64)
                      ; - org.gradle.internal.logging.text.StreamBackedStandardOutputListener::onOutput@5 (line 52)
                      ; - org.gradle.internal.logging.text.StreamingStyledTextOutput::doAppend@5 (line 55)
  0x000002bcdb90ef6c: f091 6eff 

  0x000002bcdb90ef70: ;   {post_call_nop}
  0x000002bcdb90ef70: 0f1f 8400 | 682f 004a | ba4d ffff | ff4c 8b54 | 2470 4c89 | 5424 3848 | ff74 2478 | 488f 4424 
  0x000002bcdb90ef90: 4044 895c | 2460 4489 | 4424 6c44 | 894c 2470 | 4489 4424 | 7489 5c24 | 7889 8c24 | 8000 0000 
  0x000002bcdb90efb0: 89b4 2488 | 0000 0090 

  0x000002bcdb90efb8: ;   {runtime_call UncommonTrapBlob}
  0x000002bcdb90efb8: c5f8 77e8 

  0x000002bcdb90efbc: ; ImmutableOopMap {[32]=Oop [56]=Oop [64]=Oop [96]=NarrowOop [112]=NarrowOop [120]=NarrowOop }
                      ;*if_icmple {reexecute=1 rethrow=0 return_oop=0}
                      ; - (reexecute) jdk.internal.util.Preconditions::checkFromIndexSize@12 (line 396)
                      ; - java.lang.String::checkBoundsOffCount@6 (line 4938)
                      ; - java.lang.String::getChars@16 (line 1770)
                      ; - java.io.BufferedWriter::write@68 (line 278)
                      ; - java.io.Writer::write@7 (line 248)
                      ; - java.io.PrintStream::write@13 (line 664)
                      ; - java.io.PrintStream::print@5 (line 838)
                      ; - java.io.PrintStream::append@5 (line 1276)
                      ; - java.io.PrintStream::append@2 (line 64)
                      ; - org.gradle.internal.logging.text.StreamBackedStandardOutputListener::onOutput@5 (line 52)
                      ; - org.gradle.internal.logging.text.StreamingStyledTextOutput::doAppend@5 (line 55)
  0x000002bcdb90efbc: a091 6eff 

  0x000002bcdb90efc0: ;   {post_call_nop}
  0x000002bcdb90efc0: 0f1f 8400 | b82f 004b | ba4d ffff | ff48 8b6c | 2420 48ff | 7424 7848 | 8f44 2430 | 4489 5c24 
  0x000002bcdb90efe0: 5044 8944 | 245c 8944 | 2460 4489 | 6c24 6444 | 894c 2468 

  0x000002bcdb90eff4: ;   {runtime_call UncommonTrapBlob}
  0x000002bcdb90eff4: c5f8 77e8 

  0x000002bcdb90eff8: ; ImmutableOopMap {rbp=Oop [48]=Oop [80]=NarrowOop [104]=NarrowOop [112]=Oop }
                      ;*if_icmplt {reexecute=1 rethrow=0 return_oop=0}
                      ; - (reexecute) java.io.BufferedWriter::write@97 (line 281)
                      ; - java.io.Writer::write@7 (line 248)
                      ; - java.io.PrintStream::write@13 (line 664)
                      ; - java.io.PrintStream::print@5 (line 838)
                      ; - java.io.PrintStream::append@5 (line 1276)
                      ; - java.io.PrintStream::append@2 (line 64)
                      ; - org.gradle.internal.logging.text.StreamBackedStandardOutputListener::onOutput@5 (line 52)
                      ; - org.gradle.internal.logging.text.StreamingStyledTextOutput::doAppend@5 (line 55)
  0x000002bcdb90eff8: 6491 6eff 

  0x000002bcdb90effc: ;   {post_call_nop}
  0x000002bcdb90effc: 0f1f 8400 | f42f 004c | bac6 ffff | ff48 8b6c | 2420 4c8b | 4424 704c | 8944 2420 | 48ff 7424 
  0x000002bcdb90f01c: 7848 8f44 | 2430 8974 | 2458 4489 | 5c24 5c4c | 8954 2470 | 894c 2478 | 4c89 9424 | 8000 0000 
  0x000002bcdb90f03c: 8944 247c 

  0x000002bcdb90f040: ;   {runtime_call UncommonTrapBlob}
  0x000002bcdb90f040: c5f8 77e8 

  0x000002bcdb90f044: ; ImmutableOopMap {rbp=Oop [32]=Oop [40]=NarrowOop [44]=NarrowOop [48]=Oop [88]=NarrowOop [92]=NarrowOop [112]=Oop [120]=NarrowOop [124]=NarrowOop [128]=Oop }
                      ;*invokevirtual encodeLoop {reexecute=0 rethrow=0 return_oop=0}
                      ; - java.nio.charset.CharsetEncoder::encode@57 (line 587)
                      ; - sun.nio.cs.StreamEncoder::implWrite@38 (line 280)
                      ; - sun.nio.cs.StreamEncoder::implWrite@11 (line 267)
                      ; - sun.nio.cs.StreamEncoder::write@60 (line 122)
                      ; - java.io.OutputStreamWriter::write@7 (line 206)
                      ; - java.io.BufferedWriter::flushBuffer@34 (line 168)
                      ; - java.io.PrintStream::write@20 (line 665)
                      ; - java.io.PrintStream::print@5 (line 838)
                      ; - java.io.PrintStream::append@5 (line 1276)
                      ; - java.io.PrintStream::append@2 (line 64)
                      ; - org.gradle.internal.logging.text.StreamBackedStandardOutputListener::onOutput@5 (line 52)
                      ; - org.gradle.internal.logging.text.StreamingStyledTextOutput::doAppend@5 (line 55)
  0x000002bcdb90f044: 1891 6eff 

  0x000002bcdb90f048: ;   {post_call_nop}
  0x000002bcdb90f048: 0f1f 8400 | 4030 004d | baf6 ffff | ff48 8b6c | 2420 4c8b | 5c24 704c | 895c 2420 | 4c8b 5c24 
  0x000002bcdb90f068: 684c 895c | 2450 4c89 | 5c24 6044 | 8954 2478 

  0x000002bcdb90f078: ;   {runtime_call UncommonTrapBlob}
  0x000002bcdb90f078: c5f8 77e8 

  0x000002bcdb90f07c: ; ImmutableOopMap {rbp=Oop [32]=Oop [40]=NarrowOop [44]=NarrowOop [48]=Oop [56]=NarrowOop [76]=NarrowOop [80]=Oop [88]=Oop [96]=Oop [120]=NarrowOop }
                      ;*invokevirtual hasArray {reexecute=0 rethrow=0 return_oop=0}
                      ; - sun.nio.cs.SingleByte$Encoder::encodeLoop@8 (line 275)
                      ; - java.nio.charset.CharsetEncoder::encode@57 (line 587)
                      ; - sun.nio.cs.StreamEncoder::implWrite@38 (line 280)
                      ; - sun.nio.cs.StreamEncoder::implWrite@11 (line 267)
                      ; - sun.nio.cs.StreamEncoder::write@60 (line 122)
                      ; - java.io.OutputStreamWriter::write@7 (line 206)
                      ; - java.io.BufferedWriter::flushBuffer@34 (line 168)
                      ; - java.io.PrintStream::write@20 (line 665)
                      ; - java.io.PrintStream::print@5 (line 838)
                      ; - java.io.PrintStream::append@5 (line 1276)
                      ; - java.io.PrintStream::append@2 (line 64)
                      ; - org.gradle.internal.logging.text.StreamBackedStandardOutputListener::onOutput@5 (line 52)
                      ; - org.gradle.internal.logging.text.StreamingStyledTextOutput::doAppend@5 (line 55)
  0x000002bcdb90f07c: e090 6eff 

  0x000002bcdb90f080: ;   {post_call_nop}
  0x000002bcdb90f080: 0f1f 8400 | 7830 004e | bac6 ffff | ff66 6690 

  0x000002bcdb90f090: ;   {runtime_call UncommonTrapBlob}
  0x000002bcdb90f090: c5f8 77e8 

  0x000002bcdb90f094: ; ImmutableOopMap {rbp=NarrowOop [32]=Oop }
                      ;*invokevirtual flush {reexecute=0 rethrow=0 return_oop=0}
                      ; - java.io.PrintStream::flush@12 (line 406)
                      ; - org.gradle.internal.logging.text.StreamBackedStandardOutputListener::onOutput@15 (line 53)
                      ; - org.gradle.internal.logging.text.StreamingStyledTextOutput::doAppend@5 (line 55)
  0x000002bcdb90f094: c890 6eff 

  0x000002bcdb90f098: ;   {post_call_nop}
  0x000002bcdb90f098: 0f1f 8400 | 9030 004f | 488b d54c | 8d84 24d8 | 0000 0048 | ff74 2420 | 488f 4424 | 4066 6690 
  0x000002bcdb90f0b8: ;   {runtime_call C2 Runtime complete_monitor_locking}
  0x000002bcdb90f0b8: c5f8 77e8 

  0x000002bcdb90f0bc: ; ImmutableOopMap {rbp=Oop [32]=Oop [64]=Oop }
                      ;*synchronization entry
                      ; - java.io.BufferedOutputStream::flush@-1 (line 203)
                      ; - java.io.PrintStream::flush@12 (line 406)
                      ; - org.gradle.internal.logging.text.StreamBackedStandardOutputListener::onOutput@15 (line 53)
                      ; - org.gradle.internal.logging.text.StreamingStyledTextOutput::doAppend@5 (line 55)
  0x000002bcdb90f0bc: a0a1 6eff 

  0x000002bcdb90f0c0: ;   {post_call_nop}
  0x000002bcdb90f0c0: 0f1f 8400 | b830 0050 | e962 e8ff | ff48 8bcd | 488d 9424 | d800 0000 | 4d8b c7c5 | f877 49ba 
  0x000002bcdb90f0e0: e00f dbe7 | fb7f 0000 

  0x000002bcdb90f0e8: ;   {post_call_nop}
  0x000002bcdb90f0e8: 41ff d20f | 1f84 0000 | 0000 00e9 | 14e9 ffff | bac6 ffff | ff48 8b6c | 2420 48ff | 7424 7848 
  0x000002bcdb90f108: 8f44 2428 | 8974 244c | 4489 4424 | 5089 4424 | 5444 895c | 2458 4489 | 4c24 5c44 | 8954 2460 
  0x000002bcdb90f128: ;   {runtime_call UncommonTrapBlob}
  0x000002bcdb90f128: c5f8 77e8 

  0x000002bcdb90f12c: ; ImmutableOopMap {rbp=Oop [40]=Oop [76]=NarrowOop [80]=NarrowOop [84]=NarrowOop [88]=NarrowOop [112]=Oop }
                      ;*invokevirtual write {reexecute=0 rethrow=0 return_oop=0}
                      ; - sun.nio.cs.StreamEncoder::writeBytes@81 (line 220)
                      ; - sun.nio.cs.StreamEncoder::implFlushBuffer@11 (line 315)
                      ; - sun.nio.cs.StreamEncoder::flushBuffer@15 (line 101)
                      ; - java.io.OutputStreamWriter::flushBuffer@4 (line 179)
                      ; - java.io.PrintStream::write@27 (line 666)
                      ; - java.io.PrintStream::print@5 (line 838)
                      ; - java.io.PrintStream::append@5 (line 1276)
                      ; - java.io.PrintStream::append@2 (line 64)
                      ; - org.gradle.internal.logging.text.StreamBackedStandardOutputListener::onOutput@5 (line 52)
                      ; - org.gradle.internal.logging.text.StreamingStyledTextOutput::doAppend@5 (line 55)
  0x000002bcdb90f12c: 3090 6eff 

  0x000002bcdb90f130: ;   {post_call_nop}
  0x000002bcdb90f130: 0f1f 8400 | 2831 0051 | bac6 ffff | ff48 8b5c | 2470 4889 | 5c24 2848 | ff74 2478 | 488f 4424 
  0x000002bcdb90f150: 3089 7424 | 5444 8944 | 2458 4889 | 4c24 6844 | 895c 245c | 4489 4c24 | 7044 8954 | 2474 4889 
  0x000002bcdb90f170: 4c24 7890 

  0x000002bcdb90f174: ;   {runtime_call UncommonTrapBlob}
  0x000002bcdb90f174: c5f8 77e8 

  0x000002bcdb90f178: ; ImmutableOopMap {rbp=NarrowOop [32]=Oop [40]=Oop [48]=Oop [84]=NarrowOop [88]=NarrowOop [92]=NarrowOop [104]=Oop [120]=Oop }
                      ;*invokevirtual write {reexecute=0 rethrow=0 return_oop=0}
                      ; - java.io.PrintStream::write@16 (line 539)
                      ; - sun.nio.cs.StreamEncoder::writeBytes@81 (line 220)
                      ; - sun.nio.cs.StreamEncoder::implFlushBuffer@11 (line 315)
                      ; - sun.nio.cs.StreamEncoder::flushBuffer@15 (line 101)
                      ; - java.io.OutputStreamWriter::flushBuffer@4 (line 179)
                      ; - java.io.PrintStream::write@27 (line 666)
                      ; - java.io.PrintStream::print@5 (line 838)
                      ; - java.io.PrintStream::append@5 (line 1276)
                      ; - java.io.PrintStream::append@2 (line 64)
                      ; - org.gradle.internal.logging.text.StreamBackedStandardOutputListener::onOutput@5 (line 52)
                      ; - org.gradle.internal.logging.text.StreamingStyledTextOutput::doAppend@5 (line 55)
  0x000002bcdb90f178: e48f 6eff 

  0x000002bcdb90f17c: ;   {post_call_nop}
  0x000002bcdb90f17c: 0f1f 8400 | 7431 0052 | 4889 ac24 | 8000 0000 | 4889 4c24 | 6848 897c | 2460 4489 | 4c24 5c89 
  0x000002bcdb90f19c: 5424 5844 | 895c 2454 | 4489 5424 | 504c 8b54 | 2438 4c89 | 5424 484c | 896c 2440 | 8974 243c 
  0x000002bcdb90f1bc: 4489 4424 | 384c 8b54 | 2478 4c89 | 5424 304c | 8b54 2470 | 4c89 5424 | 2848 8b6c | 2420 488b 
  0x000002bcdb90f1dc: 9424 8000 | 0000 4c8d | 8424 e800 | 0000 6690 

  0x000002bcdb90f1ec: ;   {runtime_call C2 Runtime complete_monitor_locking}
  0x000002bcdb90f1ec: c5f8 77e8 

  0x000002bcdb90f1f0: ; ImmutableOopMap {rbp=Oop [40]=Oop [48]=Oop [56]=NarrowOop [60]=NarrowOop [64]=Oop [72]=Oop [84]=NarrowOop [96]=Oop [104]=Oop [120]=Oop [128]=Oop }
                      ;*synchronization entry
                      ; - java.io.BufferedOutputStream::write@-1 (line 178)
                      ; - java.io.PrintStream::write@16 (line 539)
                      ; - sun.nio.cs.StreamEncoder::writeBytes@81 (line 220)
                      ; - sun.nio.cs.StreamEncoder::implFlushBuffer@11 (line 315)
                      ; - sun.nio.cs.StreamEncoder::flushBuffer@15 (line 101)
                      ; - java.io.OutputStreamWriter::flushBuffer@4 (line 179)
                      ; - java.io.PrintStream::write@27 (line 666)
                      ; - java.io.PrintStream::print@5 (line 838)
                      ; - java.io.PrintStream::append@5 (line 1276)
                      ; - java.io.PrintStream::append@2 (line 64)
                      ; - org.gradle.internal.logging.text.StreamBackedStandardOutputListener::onOutput@5 (line 52)
                      ; - org.gradle.internal.logging.text.StreamingStyledTextOutput::doAppend@5 (line 55)
  0x000002bcdb90f1f0: 6ca0 6eff 

  0x000002bcdb90f1f4: ;   {post_call_nop}
  0x000002bcdb90f1f4: 0f1f 8400 | ec31 0053 | 4889 6c24 | 204c 8b54 | 2428 4c89 | 5424 7044 | 8b44 2438 | 8b74 243c 
  0x000002bcdb90f214: 4c8b 6c24 | 404c 8b54 | 2448 4c89 | 5424 3844 | 8b54 2450 | 448b 5c24 | 548b 5424 | 5844 8b4c 
  0x000002bcdb90f234: 245c 488b | 7c24 6048 | 8b4c 2468 | 488b ac24 | 8000 0000 | e96e e9ff | ffba c6ff | ffff 4c8b 
  0x000002bcdb90f254: 5424 704c | 8954 2430 | 48ff 7424 | 7848 8f44 | 2438 4c89 | 4424 684c | 8944 2470 

  0x000002bcdb90f270: ;   {runtime_call UncommonTrapBlob}
  0x000002bcdb90f270: c5f8 77e8 

  0x000002bcdb90f274: ; ImmutableOopMap {rbp=NarrowOop [32]=Oop [40]=NarrowOop [44]=NarrowOop [48]=Oop [56]=Oop [104]=Oop [112]=Oop }
                      ;*invokevirtual flush {reexecute=0 rethrow=0 return_oop=0}
                      ; - java.io.PrintStream::write@30 (line 541)
                      ; - sun.nio.cs.StreamEncoder::writeBytes@81 (line 220)
                      ; - sun.nio.cs.StreamEncoder::implFlushBuffer@11 (line 315)
                      ; - sun.nio.cs.StreamEncoder::flushBuffer@15 (line 101)
                      ; - java.io.OutputStreamWriter::flushBuffer@4 (line 179)
                      ; - java.io.PrintStream::write@27 (line 666)
                      ; - java.io.PrintStream::print@5 (line 838)
                      ; - java.io.PrintStream::append@5 (line 1276)
                      ; - java.io.PrintStream::append@2 (line 64)
                      ; - org.gradle.internal.logging.text.StreamBackedStandardOutputListener::onOutput@5 (line 52)
                      ; - org.gradle.internal.logging.text.StreamingStyledTextOutput::doAppend@5 (line 55)
  0x000002bcdb90f274: e88e 6eff 

  0x000002bcdb90f278: ;   {post_call_nop}
  0x000002bcdb90f278: 0f1f 8400 | 7032 0054 | 4c89 5c24 | 4049 8be8 | 498b d34c | 8d84 24e8 | 0000 0048 | ff74 2478 
  0x000002bcdb90f298: 488f 4424 | 5066 6690 

  0x000002bcdb90f2a0: ;   {runtime_call C2 Runtime complete_monitor_locking}
  0x000002bcdb90f2a0: c5f8 77e8 

  0x000002bcdb90f2a4: ; ImmutableOopMap {rbp=Oop [32]=Oop [40]=NarrowOop [44]=NarrowOop [48]=Oop [56]=Oop [64]=Oop [80]=Oop [112]=Oop [120]=Oop }
                      ;*synchronization entry
                      ; - java.io.BufferedOutputStream::flush@-1 (line 203)
                      ; - java.io.PrintStream::write@30 (line 541)
                      ; - sun.nio.cs.StreamEncoder::writeBytes@81 (line 220)
                      ; - sun.nio.cs.StreamEncoder::implFlushBuffer@11 (line 315)
                      ; - sun.nio.cs.StreamEncoder::flushBuffer@15 (line 101)
                      ; - java.io.OutputStreamWriter::flushBuffer@4 (line 179)
                      ; - java.io.PrintStream::write@27 (line 666)
                      ; - java.io.PrintStream::print@5 (line 838)
                      ; - java.io.PrintStream::append@5 (line 1276)
                      ; - java.io.PrintStream::append@2 (line 64)
                      ; - org.gradle.internal.logging.text.StreamBackedStandardOutputListener::onOutput@5 (line 52)
                      ; - org.gradle.internal.logging.text.StreamingStyledTextOutput::doAppend@5 (line 55)
  0x000002bcdb90f2a4: b89f 6eff 

  0x000002bcdb90f2a8: ;   {post_call_nop}
  0x000002bcdb90f2a8: 0f1f 8400 | a032 0055 | 4c8b c54c | 8b5c 2440 | e9ce ecff | ff49 8bcb | 488d 9424 | e800 0000 
  0x000002bcdb90f2c8: 4d8b c7c5 | f877 49ba | e00f dbe7 | fb7f 0000 

  0x000002bcdb90f2d8: ;   {post_call_nop}
  0x000002bcdb90f2d8: 41ff d20f | 1f84 0000 | 0000 00e9 | 91ed ffff | bacc ffff | ff48 8b6c | 2420 4c8b | 5424 704c 
  0x000002bcdb90f2f8: 8954 2420 | 4c8b 5424 | 784c 8954 | 2438 4c89 | 5424 5044 | 895c 247c | 4489 8c24 | 8000 0000 
  0x000002bcdb90f318: 4489 8424 | 8400 0000 | 89bc 2488 | 0000 0048 | 899c 2490 | 0000 0090 

  0x000002bcdb90f330: ;   {runtime_call UncommonTrapBlob}
  0x000002bcdb90f330: c5f8 77e8 

  0x000002bcdb90f334: ; ImmutableOopMap {rbp=Oop [32]=Oop [40]=NarrowOop [44]=NarrowOop [56]=Oop [64]=Oop [72]=NarrowOop [80]=Oop [128]=NarrowOop [144]=Oop }
                      ;*invokestatic arraycopy {reexecute=0 rethrow=0 return_oop=0}
                      ; - java.io.BufferedOutputStream::write@57 (line 190)
                      ; - java.io.PrintStream::write@16 (line 539)
                      ; - sun.nio.cs.StreamEncoder::writeBytes@81 (line 220)
                      ; - sun.nio.cs.StreamEncoder::implFlushBuffer@11 (line 315)
                      ; - sun.nio.cs.StreamEncoder::flushBuffer@15 (line 101)
                      ; - java.io.OutputStreamWriter::flushBuffer@4 (line 179)
                      ; - java.io.PrintStream::write@27 (line 666)
                      ; - java.io.PrintStream::print@5 (line 838)
                      ; - java.io.PrintStream::append@5 (line 1276)
                      ; - java.io.PrintStream::append@2 (line 64)
                      ; - org.gradle.internal.logging.text.StreamBackedStandardOutputListener::onOutput@5 (line 52)
                      ; - org.gradle.internal.logging.text.StreamingStyledTextOutput::doAppend@5 (line 55)
  0x000002bcdb90f334: 288e 6eff 

  0x000002bcdb90f338: ;   {post_call_nop}
  0x000002bcdb90f338: 0f1f 8400 | 3033 0056 | ba4d ffff | ff48 8b5c | 2470 4889 | 5c24 2848 | ff74 2478 | 488f 4424 
  0x000002bcdb90f358: 3089 7424 | 5444 8944 | 2458 4c89 | 7424 6044 | 895c 245c | 4489 4c24 | 6844 8954 | 246c 894c 
  0x000002bcdb90f378: 2470 6690 

  0x000002bcdb90f37c: ;   {runtime_call UncommonTrapBlob}
  0x000002bcdb90f37c: c5f8 77e8 

  0x000002bcdb90f380: ; ImmutableOopMap {[32]=Oop [40]=Oop [48]=Oop [84]=NarrowOop [88]=NarrowOop [92]=NarrowOop [96]=Oop }
                      ;*ifeq {reexecute=1 rethrow=0 return_oop=0}
                      ; - (reexecute) java.io.FileOutputStream::write@17 (line 356)
                      ; - sun.nio.cs.StreamEncoder::writeBytes@81 (line 220)
                      ; - sun.nio.cs.StreamEncoder::implFlushBuffer@11 (line 315)
                      ; - sun.nio.cs.StreamEncoder::flushBuffer@15 (line 101)
                      ; - java.io.OutputStreamWriter::flushBuffer@4 (line 179)
                      ; - java.io.PrintStream::write@27 (line 666)
                      ; - java.io.PrintStream::print@5 (line 838)
                      ; - java.io.PrintStream::append@5 (line 1276)
                      ; - java.io.PrintStream::append@2 (line 64)
                      ; - org.gradle.internal.logging.text.StreamBackedStandardOutputListener::onOutput@5 (line 52)
                      ; - org.gradle.internal.logging.text.StreamingStyledTextOutput::doAppend@5 (line 55)
  0x000002bcdb90f380: dc8d 6eff 

  0x000002bcdb90f384: ;   {post_call_nop}
  0x000002bcdb90f384: 0f1f 8400 | 7c33 0057 | baf6 ffff | ff48 8b6c | 2420 4c8b | 5424 704c | 8954 2420 | 4c8b 5424 
  0x000002bcdb90f3a4: 684c 8954 | 2438 4c89 | 5424 5844 | 8944 2478 | 4889 9c24 | 8000 0000 

  0x000002bcdb90f3bc: ;   {runtime_call UncommonTrapBlob}
  0x000002bcdb90f3bc: c5f8 77e8 

  0x000002bcdb90f3c0: ; ImmutableOopMap {rbp=Oop [32]=Oop [40]=NarrowOop [44]=NarrowOop [56]=Oop [64]=Oop [72]=NarrowOop [88]=Oop [128]=Oop }
                      ;*invokestatic arraycopy {reexecute=0 rethrow=0 return_oop=0}
                      ; - java.io.BufferedOutputStream::write@57 (line 190)
                      ; - java.io.PrintStream::write@16 (line 539)
                      ; - sun.nio.cs.StreamEncoder::writeBytes@81 (line 220)
                      ; - sun.nio.cs.StreamEncoder::implFlushBuffer@11 (line 315)
                      ; - sun.nio.cs.StreamEncoder::flushBuffer@15 (line 101)
                      ; - java.io.OutputStreamWriter::flushBuffer@4 (line 179)
                      ; - java.io.PrintStream::write@27 (line 666)
                      ; - java.io.PrintStream::print@5 (line 838)
                      ; - java.io.PrintStream::append@5 (line 1276)
                      ; - java.io.PrintStream::append@2 (line 64)
                      ; - org.gradle.internal.logging.text.StreamBackedStandardOutputListener::onOutput@5 (line 52)
                      ; - org.gradle.internal.logging.text.StreamingStyledTextOutput::doAppend@5 (line 55)
  0x000002bcdb90f3c0: 9c8d 6eff 

  0x000002bcdb90f3c4: ;   {post_call_nop}
  0x000002bcdb90f3c4: 0f1f 8400 | bc33 0058 | baf6 ffff | ff48 8b6c | 2420 6690 

  0x000002bcdb90f3d8: ;   {runtime_call UncommonTrapBlob}
  0x000002bcdb90f3d8: c5f8 77e8 

  0x000002bcdb90f3dc: ; ImmutableOopMap {rbp=Oop }
                      ;*invokeinterface onOutput {reexecute=0 rethrow=0 return_oop=0}
                      ; - org.gradle.internal.logging.text.StreamingStyledTextOutput::doAppend@5 (line 55)
  0x000002bcdb90f3dc: 808d 6eff 

  0x000002bcdb90f3e0: ;   {post_call_nop}
  0x000002bcdb90f3e0: 0f1f 8400 | d833 0059 | baf6 ffff | ff48 8b6c | 2420 6690 

  0x000002bcdb90f3f4: ;   {runtime_call UncommonTrapBlob}
  0x000002bcdb90f3f4: c5f8 77e8 

  0x000002bcdb90f3f8: ; ImmutableOopMap {rbp=Oop [112]=Oop }
                      ;*invokeinterface append {reexecute=0 rethrow=0 return_oop=0}
                      ; - org.gradle.internal.logging.text.StreamBackedStandardOutputListener::onOutput@5 (line 52)
                      ; - org.gradle.internal.logging.text.StreamingStyledTextOutput::doAppend@5 (line 55)
  0x000002bcdb90f3f8: 648d 6eff 

  0x000002bcdb90f3fc: ;   {post_call_nop}
  0x000002bcdb90f3fc: 0f1f 8400 | f433 005a | baf6 ffff | ff48 8b6c | 2420 48ff | 7424 7848 | 8f44 2430 

  0x000002bcdb90f418: ;   {runtime_call UncommonTrapBlob}
  0x000002bcdb90f418: c5f8 77e8 

  0x000002bcdb90f41c: ; ImmutableOopMap {rbp=Oop [48]=Oop [112]=Oop }
                      ;*invokevirtual write {reexecute=0 rethrow=0 return_oop=0}
                      ; - java.io.PrintStream::write@13 (line 664)
                      ; - java.io.PrintStream::print@5 (line 838)
                      ; - java.io.PrintStream::append@5 (line 1276)
                      ; - java.io.PrintStream::append@2 (line 64)
                      ; - org.gradle.internal.logging.text.StreamBackedStandardOutputListener::onOutput@5 (line 52)
                      ; - org.gradle.internal.logging.text.StreamingStyledTextOutput::doAppend@5 (line 55)
  0x000002bcdb90f41c: 408d 6eff 

  0x000002bcdb90f420: ;   {post_call_nop}
  0x000002bcdb90f420: 0f1f 8400 | 1834 005b | baf6 ffff | ff48 8b6c | 2420 48ff | 7424 7848 | 8f44 2428 

  0x000002bcdb90f43c: ;   {runtime_call UncommonTrapBlob}
  0x000002bcdb90f43c: c5f8 77e8 

  0x000002bcdb90f440: ; ImmutableOopMap {rbp=Oop [40]=Oop [112]=Oop }
                      ;*arraylength {reexecute=0 rethrow=0 return_oop=0}
                      ; - java.lang.String::length@4 (line 1580)
                      ; - java.io.Writer::write@4 (line 248)
                      ; - java.io.PrintStream::write@13 (line 664)
                      ; - java.io.PrintStream::print@5 (line 838)
                      ; - java.io.PrintStream::append@5 (line 1276)
                      ; - java.io.PrintStream::append@2 (line 64)
                      ; - org.gradle.internal.logging.text.StreamBackedStandardOutputListener::onOutput@5 (line 52)
                      ; - org.gradle.internal.logging.text.StreamingStyledTextOutput::doAppend@5 (line 55)
  0x000002bcdb90f440: 1c8d 6eff 

  0x000002bcdb90f444: ;   {post_call_nop}
  0x000002bcdb90f444: 0f1f 8400 | 3c34 005c | baf6 ffff | ff48 8b6c | 2420 48ff | 7424 7848 | 8f44 2428 

  0x000002bcdb90f460: ;   {runtime_call UncommonTrapBlob}
  0x000002bcdb90f460: c5f8 77e8 

  0x000002bcdb90f464: ; ImmutableOopMap {rbp=Oop [40]=Oop [112]=Oop }
                      ;*invokevirtual flushBuffer {reexecute=0 rethrow=0 return_oop=0}
                      ; - java.io.PrintStream::write@20 (line 665)
                      ; - java.io.PrintStream::print@5 (line 838)
                      ; - java.io.PrintStream::append@5 (line 1276)
                      ; - java.io.PrintStream::append@2 (line 64)
                      ; - org.gradle.internal.logging.text.StreamBackedStandardOutputListener::onOutput@5 (line 52)
                      ; - org.gradle.internal.logging.text.StreamingStyledTextOutput::doAppend@5 (line 55)
  0x000002bcdb90f464: f88c 6eff 

  0x000002bcdb90f468: ;   {post_call_nop}
  0x000002bcdb90f468: 0f1f 8400 | 6034 005d | baf6 ffff | ff48 8b6c | 2420 48ff | 7424 7848 | 8f44 2428 

  0x000002bcdb90f484: ;   {runtime_call UncommonTrapBlob}
  0x000002bcdb90f484: c5f8 77e8 

  0x000002bcdb90f488: ; ImmutableOopMap {rbp=Oop [40]=Oop [112]=Oop }
                      ;*invokevirtual flushBuffer {reexecute=0 rethrow=0 return_oop=0}
                      ; - java.io.PrintStream::write@27 (line 666)
                      ; - java.io.PrintStream::print@5 (line 838)
                      ; - java.io.PrintStream::append@5 (line 1276)
                      ; - java.io.PrintStream::append@2 (line 64)
                      ; - org.gradle.internal.logging.text.StreamBackedStandardOutputListener::onOutput@5 (line 52)
                      ; - org.gradle.internal.logging.text.StreamingStyledTextOutput::doAppend@5 (line 55)
  0x000002bcdb90f488: d48c 6eff 

  0x000002bcdb90f48c: ;   {post_call_nop}
  0x000002bcdb90f48c: 0f1f 8400 | 8434 005e | baf6 ffff | ff48 8b6c | 2420 48ff | 7424 7848 | 8f44 2428 

  0x000002bcdb90f4a8: ;   {runtime_call UncommonTrapBlob}
  0x000002bcdb90f4a8: c5f8 77e8 

  0x000002bcdb90f4ac: ; ImmutableOopMap {rbp=Oop [40]=Oop [112]=Oop }
                      ;*invokevirtual flushBuffer {reexecute=0 rethrow=0 return_oop=0}
                      ; - java.io.OutputStreamWriter::flushBuffer@4 (line 179)
                      ; - java.io.PrintStream::write@27 (line 666)
                      ; - java.io.PrintStream::print@5 (line 838)
                      ; - java.io.PrintStream::append@5 (line 1276)
                      ; - java.io.PrintStream::append@2 (line 64)
                      ; - org.gradle.internal.logging.text.StreamBackedStandardOutputListener::onOutput@5 (line 52)
                      ; - org.gradle.internal.logging.text.StreamingStyledTextOutput::doAppend@5 (line 55)
  0x000002bcdb90f4ac: b08c 6eff 

  0x000002bcdb90f4b0: ;   {post_call_nop}
  0x000002bcdb90f4b0: 0f1f 8400 | a834 005f | baf6 ffff | ff48 8b6c | 2420 48ff | 7424 7848 | 8f44 2428 | 8974 244c 
  0x000002bcdb90f4d0: ;   {runtime_call UncommonTrapBlob}
  0x000002bcdb90f4d0: c5f8 77e8 

  0x000002bcdb90f4d4: ; ImmutableOopMap {rbp=Oop [40]=Oop [76]=NarrowOop [112]=Oop }
                      ;*invokevirtual position {reexecute=0 rethrow=0 return_oop=0}
                      ; - sun.nio.cs.StreamEncoder::implFlushBuffer@4 (line 314)
                      ; - sun.nio.cs.StreamEncoder::flushBuffer@15 (line 101)
                      ; - java.io.OutputStreamWriter::flushBuffer@4 (line 179)
                      ; - java.io.PrintStream::write@27 (line 666)
                      ; - java.io.PrintStream::print@5 (line 838)
                      ; - java.io.PrintStream::append@5 (line 1276)
                      ; - java.io.PrintStream::append@2 (line 64)
                      ; - org.gradle.internal.logging.text.StreamBackedStandardOutputListener::onOutput@5 (line 52)
                      ; - org.gradle.internal.logging.text.StreamingStyledTextOutput::doAppend@5 (line 55)
  0x000002bcdb90f4d4: 888c 6eff 

  0x000002bcdb90f4d8: ;   {post_call_nop}
  0x000002bcdb90f4d8: 0f1f 8400 | d034 0060 | baf6 ffff | ff48 ff74 | 2478 488f | 4424 2090 

  0x000002bcdb90f4f0: ;   {runtime_call UncommonTrapBlob}
  0x000002bcdb90f4f0: c5f8 77e8 

  0x000002bcdb90f4f4: ; ImmutableOopMap {[32]=Oop [112]=Oop }
                      ;*arraylength {reexecute=0 rethrow=0 return_oop=0}
                      ; - java.lang.String::indexOf@17 (line 2481)
                      ; - java.io.PrintStream::write@40 (line 667)
                      ; - java.io.PrintStream::print@5 (line 838)
                      ; - java.io.PrintStream::append@5 (line 1276)
                      ; - java.io.PrintStream::append@2 (line 64)
                      ; - org.gradle.internal.logging.text.StreamBackedStandardOutputListener::onOutput@5 (line 52)
                      ; - org.gradle.internal.logging.text.StreamingStyledTextOutput::doAppend@5 (line 55)
  0x000002bcdb90f4f4: 688c 6eff 

  0x000002bcdb90f4f8: ;   {post_call_nop}
  0x000002bcdb90f4f8: 0f1f 8400 | f034 0061 | baf6 ffff | ff66 6690 

  0x000002bcdb90f508: ;   {runtime_call UncommonTrapBlob}
  0x000002bcdb90f508: c5f8 77e8 

  0x000002bcdb90f50c: ; ImmutableOopMap {}
                      ;*invokeinterface flush {reexecute=0 rethrow=0 return_oop=0}
                      ; - org.gradle.internal.logging.text.StreamBackedStandardOutputListener::onOutput@15 (line 53)
                      ; - org.gradle.internal.logging.text.StreamingStyledTextOutput::doAppend@5 (line 55)
  0x000002bcdb90f50c: 508c 6eff 

  0x000002bcdb90f510: ;   {post_call_nop}
  0x000002bcdb90f510: 0f1f 8400 | 0835 0062 | baf6 ffff | ff48 8b6c | 2420 48ff | 7424 7848 | 8f44 2430 | 4489 4424 
  0x000002bcdb90f530: 5444 894c | 2458 6690 

  0x000002bcdb90f538: ;   {runtime_call UncommonTrapBlob}
  0x000002bcdb90f538: c5f8 77e8 

  0x000002bcdb90f53c: ; ImmutableOopMap {rbp=Oop [40]=NarrowOop [44]=NarrowOop [48]=Oop [84]=NarrowOop [112]=Oop }
                      ;*invokevirtual write {reexecute=0 rethrow=0 return_oop=0}
                      ; - java.io.OutputStreamWriter::write@7 (line 206)
                      ; - java.io.BufferedWriter::flushBuffer@34 (line 168)
                      ; - java.io.PrintStream::write@20 (line 665)
                      ; - java.io.PrintStream::print@5 (line 838)
                      ; - java.io.PrintStream::append@5 (line 1276)
                      ; - java.io.PrintStream::append@2 (line 64)
                      ; - org.gradle.internal.logging.text.StreamBackedStandardOutputListener::onOutput@5 (line 52)
                      ; - org.gradle.internal.logging.text.StreamingStyledTextOutput::doAppend@5 (line 55)
  0x000002bcdb90f53c: 208c 6eff 

  0x000002bcdb90f540: ;   {post_call_nop}
  0x000002bcdb90f540: 0f1f 8400 | 3835 0063 | baf6 ffff | ff48 8b6c | 2420 48ff | 7424 7848 | 8f44 2430 | 4489 5c24 
  0x000002bcdb90f560: 5444 894c | 2458 8974 | 2460 6690 

  0x000002bcdb90f56c: ;   {runtime_call UncommonTrapBlob}
  0x000002bcdb90f56c: c5f8 77e8 

  0x000002bcdb90f570: ; ImmutableOopMap {rbp=Oop [40]=NarrowOop [44]=NarrowOop [48]=Oop [84]=NarrowOop [96]=NarrowOop [112]=Oop }
                      ;*arraylength {reexecute=0 rethrow=0 return_oop=0}
                      ; - sun.nio.cs.StreamEncoder::write@18 (line 116)
                      ; - java.io.OutputStreamWriter::write@7 (line 206)
                      ; - java.io.BufferedWriter::flushBuffer@34 (line 168)
                      ; - java.io.PrintStream::write@20 (line 665)
                      ; - java.io.PrintStream::print@5 (line 838)
                      ; - java.io.PrintStream::append@5 (line 1276)
                      ; - java.io.PrintStream::append@2 (line 64)
                      ; - org.gradle.internal.logging.text.StreamBackedStandardOutputListener::onOutput@5 (line 52)
                      ; - org.gradle.internal.logging.text.StreamingStyledTextOutput::doAppend@5 (line 55)
  0x000002bcdb90f570: ec8b 6eff 

  0x000002bcdb90f574: ;   {post_call_nop}
  0x000002bcdb90f574: 0f1f 8400 | 6c35 0064 | baf6 ffff | ff48 8b6c | 2420 48ff | 7424 7848 | 8f44 2430 | 8974 2458 
  0x000002bcdb90f594: ;   {runtime_call UncommonTrapBlob}
  0x000002bcdb90f594: c5f8 77e8 

  0x000002bcdb90f598: ; ImmutableOopMap {rbp=Oop [40]=NarrowOop [44]=NarrowOop [48]=Oop [88]=NarrowOop [112]=Oop }
                      ;*invokevirtual capacity {reexecute=0 rethrow=0 return_oop=0}
                      ; - sun.nio.cs.StreamEncoder::growByteBufferIfNeeded@4 (line 302)
                      ; - sun.nio.cs.StreamEncoder::implWrite@18 (line 277)
                      ; - sun.nio.cs.StreamEncoder::implWrite@11 (line 267)
                      ; - sun.nio.cs.StreamEncoder::write@60 (line 122)
                      ; - java.io.OutputStreamWriter::write@7 (line 206)
                      ; - java.io.BufferedWriter::flushBuffer@34 (line 168)
                      ; - java.io.PrintStream::write@20 (line 665)
                      ; - java.io.PrintStream::print@5 (line 838)
                      ; - java.io.PrintStream::append@5 (line 1276)
                      ; - java.io.PrintStream::append@2 (line 64)
                      ; - org.gradle.internal.logging.text.StreamBackedStandardOutputListener::onOutput@5 (line 52)
                      ; - org.gradle.internal.logging.text.StreamingStyledTextOutput::doAppend@5 (line 55)
  0x000002bcdb90f598: c48b 6eff 

  0x000002bcdb90f59c: ;   {post_call_nop}
  0x000002bcdb90f59c: 0f1f 8400 | 9435 0065 | baf6 ffff | ff48 8b6c | 2420 48ff | 7424 7848 | 8f44 2430 | 8974 2458 
  0x000002bcdb90f5bc: ;   {runtime_call UncommonTrapBlob}
  0x000002bcdb90f5bc: c5f8 77e8 

  0x000002bcdb90f5c0: ; ImmutableOopMap {rbp=Oop [40]=NarrowOop [44]=NarrowOop [48]=Oop [88]=NarrowOop [112]=Oop }
                      ;*invokevirtual maxBytesPerChar {reexecute=0 rethrow=0 return_oop=0}
                      ; - sun.nio.cs.StreamEncoder::growByteBufferIfNeeded@21 (line 304)
                      ; - sun.nio.cs.StreamEncoder::implWrite@18 (line 277)
                      ; - sun.nio.cs.StreamEncoder::implWrite@11 (line 267)
                      ; - sun.nio.cs.StreamEncoder::write@60 (line 122)
                      ; - java.io.OutputStreamWriter::write@7 (line 206)
                      ; - java.io.BufferedWriter::flushBuffer@34 (line 168)
                      ; - java.io.PrintStream::write@20 (line 665)
                      ; - java.io.PrintStream::print@5 (line 838)
                      ; - java.io.PrintStream::append@5 (line 1276)
                      ; - java.io.PrintStream::append@2 (line 64)
                      ; - org.gradle.internal.logging.text.StreamBackedStandardOutputListener::onOutput@5 (line 52)
                      ; - org.gradle.internal.logging.text.StreamingStyledTextOutput::doAppend@5 (line 55)
  0x000002bcdb90f5c0: 9c8b 6eff 

  0x000002bcdb90f5c4: ;   {post_call_nop}
  0x000002bcdb90f5c4: 0f1f 8400 | bc35 0066 | baf6 ffff | ff48 8b6c | 2420 48ff | 7424 7848 | 8f44 2430 | 8974 2458 
  0x000002bcdb90f5e4: 4c89 5424 | 6089 4424 | 5c66 6690 

  0x000002bcdb90f5f0: ;   {runtime_call UncommonTrapBlob}
  0x000002bcdb90f5f0: c5f8 77e8 

  0x000002bcdb90f5f4: ; ImmutableOopMap {rbp=Oop [40]=NarrowOop [44]=NarrowOop [48]=Oop [88]=NarrowOop [92]=NarrowOop [96]=Oop [112]=Oop }
                      ;*invokevirtual encode {reexecute=0 rethrow=0 return_oop=0}
                      ; - sun.nio.cs.StreamEncoder::implWrite@38 (line 280)
                      ; - sun.nio.cs.StreamEncoder::implWrite@11 (line 267)
                      ; - sun.nio.cs.StreamEncoder::write@60 (line 122)
                      ; - java.io.OutputStreamWriter::write@7 (line 206)
                      ; - java.io.BufferedWriter::flushBuffer@34 (line 168)
                      ; - java.io.PrintStream::write@20 (line 665)
                      ; - java.io.PrintStream::print@5 (line 838)
                      ; - java.io.PrintStream::append@5 (line 1276)
                      ; - java.io.PrintStream::append@2 (line 64)
                      ; - org.gradle.internal.logging.text.StreamBackedStandardOutputListener::onOutput@5 (line 52)
                      ; - org.gradle.internal.logging.text.StreamingStyledTextOutput::doAppend@5 (line 55)
  0x000002bcdb90f5f4: 688b 6eff 

  0x000002bcdb90f5f8: ;   {post_call_nop}
  0x000002bcdb90f5f8: 0f1f 8400 | f035 0067 | baf6 ffff | ff48 8b6c | 2420 48ff | 7424 7848 | 8f44 2428 | 8974 244c 
  0x000002bcdb90f618: 4489 5c24 | 5044 894c | 2454 4489 | 5424 5890 

  0x000002bcdb90f628: ;   {runtime_call UncommonTrapBlob}
  0x000002bcdb90f628: c5f8 77e8 

  0x000002bcdb90f62c: ; ImmutableOopMap {rbp=Oop [40]=Oop [76]=NarrowOop [80]=NarrowOop [112]=Oop }
                      ;*invokevirtual write {reexecute=0 rethrow=0 return_oop=0}
                      ; - sun.nio.cs.StreamEncoder::writeBytes@81 (line 220)
                      ; - sun.nio.cs.StreamEncoder::implFlushBuffer@11 (line 315)
                      ; - sun.nio.cs.StreamEncoder::flushBuffer@15 (line 101)
                      ; - java.io.OutputStreamWriter::flushBuffer@4 (line 179)
                      ; - java.io.PrintStream::write@27 (line 666)
                      ; - java.io.PrintStream::print@5 (line 838)
                      ; - java.io.PrintStream::append@5 (line 1276)
                      ; - java.io.PrintStream::append@2 (line 64)
                      ; - org.gradle.internal.logging.text.StreamBackedStandardOutputListener::onOutput@5 (line 52)
                      ; - org.gradle.internal.logging.text.StreamingStyledTextOutput::doAppend@5 (line 55)
  0x000002bcdb90f62c: 308b 6eff 

  0x000002bcdb90f630: ;   {post_call_nop}
  0x000002bcdb90f630: 0f1f 8400 | 2836 0068 | baf6 ffff | ff48 8b6c | 2420 4c8b | 5424 784c | 8954 2438 | 4c89 5424 
  0x000002bcdb90f650: 4066 6690 

  0x000002bcdb90f654: ;   {runtime_call UncommonTrapBlob}
  0x000002bcdb90f654: c5f8 77e8 

  0x000002bcdb90f658: ; ImmutableOopMap {rbp=Oop [44]=NarrowOop [56]=Oop [64]=Oop [112]=Oop }
                      ;*invokevirtual clear {reexecute=0 rethrow=0 return_oop=0}
                      ; - sun.nio.cs.StreamEncoder::writeBytes@88 (line 222)
                      ; - sun.nio.cs.StreamEncoder::implFlushBuffer@11 (line 315)
                      ; - sun.nio.cs.StreamEncoder::flushBuffer@15 (line 101)
                      ; - java.io.OutputStreamWriter::flushBuffer@4 (line 179)
                      ; - java.io.PrintStream::write@27 (line 666)
                      ; - java.io.PrintStream::print@5 (line 838)
                      ; - java.io.PrintStream::append@5 (line 1276)
                      ; - java.io.PrintStream::append@2 (line 64)
                      ; - org.gradle.internal.logging.text.StreamBackedStandardOutputListener::onOutput@5 (line 52)
                      ; - org.gradle.internal.logging.text.StreamingStyledTextOutput::doAppend@5 (line 55)
  0x000002bcdb90f658: 048b 6eff 

  0x000002bcdb90f65c: ;   {post_call_nop}
  0x000002bcdb90f65c: 0f1f 8400 | 5436 0069 | baf6 ffff | ff48 8b6c | 2420 4c8b | 5424 784c | 8954 2438 | 4c89 5424 
  0x000002bcdb90f67c: 404c 8944 | 2460 4c89 | 4424 6890 

  0x000002bcdb90f688: ;   {runtime_call UncommonTrapBlob}
  0x000002bcdb90f688: c5f8 77e8 

  0x000002bcdb90f68c: ; ImmutableOopMap {rbp=Oop [40]=NarrowOop [44]=NarrowOop [56]=Oop [64]=Oop [96]=Oop [104]=Oop [112]=Oop }
                      ;*invokevirtual flush {reexecute=0 rethrow=0 return_oop=0}
                      ; - java.io.PrintStream::write@30 (line 541)
                      ; - sun.nio.cs.StreamEncoder::writeBytes@81 (line 220)
                      ; - sun.nio.cs.StreamEncoder::implFlushBuffer@11 (line 315)
                      ; - sun.nio.cs.StreamEncoder::flushBuffer@15 (line 101)
                      ; - java.io.OutputStreamWriter::flushBuffer@4 (line 179)
                      ; - java.io.PrintStream::write@27 (line 666)
                      ; - java.io.PrintStream::print@5 (line 838)
                      ; - java.io.PrintStream::append@5 (line 1276)
                      ; - java.io.PrintStream::append@2 (line 64)
                      ; - org.gradle.internal.logging.text.StreamBackedStandardOutputListener::onOutput@5 (line 52)
                      ; - org.gradle.internal.logging.text.StreamingStyledTextOutput::doAppend@5 (line 55)
  0x000002bcdb90f68c: d08a 6eff 

  0x000002bcdb90f690: ;   {post_call_nop}
  0x000002bcdb90f690: 0f1f 8400 | 8836 006a | baf6 ffff | ff48 8b6c | 2420 4c8b | 4424 704c | 8944 2420 | 48ff 7424 
  0x000002bcdb90f6b0: 7848 8f44 | 2430 8974 | 2458 4489 | 5c24 5c48 | 895c 2468 | 4c89 5424 | 7089 4424 | 7866 6690 
  0x000002bcdb90f6d0: ;   {runtime_call UncommonTrapBlob}
  0x000002bcdb90f6d0: c5f8 77e8 

  0x000002bcdb90f6d4: ; ImmutableOopMap {rbp=Oop [32]=Oop [40]=NarrowOop [44]=NarrowOop [48]=Oop [88]=NarrowOop [92]=NarrowOop [104]=Oop [112]=Oop [120]=NarrowOop }
                      ;*invokevirtual hasArray {reexecute=0 rethrow=0 return_oop=0}
                      ; - sun.nio.cs.UTF_8$Encoder::encodeLoop@8 (line 563)
                      ; - java.nio.charset.CharsetEncoder::encode@57 (line 587)
                      ; - sun.nio.cs.StreamEncoder::implWrite@38 (line 280)
                      ; - sun.nio.cs.StreamEncoder::implWrite@11 (line 267)
                      ; - sun.nio.cs.StreamEncoder::write@60 (line 122)
                      ; - java.io.OutputStreamWriter::write@7 (line 206)
                      ; - java.io.BufferedWriter::flushBuffer@34 (line 168)
                      ; - java.io.PrintStream::write@20 (line 665)
                      ; - java.io.PrintStream::print@5 (line 838)
                      ; - java.io.PrintStream::append@5 (line 1276)
                      ; - java.io.PrintStream::append@2 (line 64)
                      ; - org.gradle.internal.logging.text.StreamBackedStandardOutputListener::onOutput@5 (line 52)
                      ; - org.gradle.internal.logging.text.StreamingStyledTextOutput::doAppend@5 (line 55)
  0x000002bcdb90f6d4: 888a 6eff 

  0x000002bcdb90f6d8: ;   {post_call_nop}
  0x000002bcdb90f6d8: 0f1f 8400 | d036 006b | baf6 ffff | ff48 8b6c | 2420 48ff | 7424 7848 | 8f44 2428 | 8974 244c 
  0x000002bcdb90f6f8: 4489 4424 | 5048 894c | 2460 4889 | 4c24 6890 

  0x000002bcdb90f708: ;   {runtime_call UncommonTrapBlob}
  0x000002bcdb90f708: c5f8 77e8 

  0x000002bcdb90f70c: ; ImmutableOopMap {rbp=Oop [40]=Oop [76]=NarrowOop [80]=NarrowOop [96]=Oop [104]=Oop [112]=Oop }
                      ;*getfield append {reexecute=1 rethrow=0 return_oop=0}
                      ; - (reexecute) java.io.FileDescriptor$1::getAppend@1 (line 85)
                      ; - java.io.FileOutputStream::write@7 (line 355)
                      ; - java.io.PrintStream::write@16 (line 539)
                      ; - sun.nio.cs.StreamEncoder::writeBytes@81 (line 220)
                      ; - sun.nio.cs.StreamEncoder::implFlushBuffer@11 (line 315)
                      ; - sun.nio.cs.StreamEncoder::flushBuffer@15 (line 101)
                      ; - java.io.OutputStreamWriter::flushBuffer@4 (line 179)
                      ; - java.io.PrintStream::write@27 (line 666)
                      ; - java.io.PrintStream::print@5 (line 838)
                      ; - java.io.PrintStream::append@5 (line 1276)
                      ; - java.io.PrintStream::append@2 (line 64)
                      ; - org.gradle.internal.logging.text.StreamBackedStandardOutputListener::onOutput@5 (line 52)
                      ; - org.gradle.internal.logging.text.StreamingStyledTextOutput::doAppend@5 (line 55)
  0x000002bcdb90f70c: 508a 6eff 

  0x000002bcdb90f710: ;   {post_call_nop}
  0x000002bcdb90f710: 0f1f 8400 | 0837 006c | baf6 ffff | ff48 8b6c | 2420 48ff | 7424 7848 | 8f44 2430 | 4489 5c24 
  0x000002bcdb90f730: 5044 8944 | 245c 4489 | 4c24 6090 

  0x000002bcdb90f73c: ;   {runtime_call UncommonTrapBlob}
  0x000002bcdb90f73c: c5f8 77e8 

  0x000002bcdb90f740: ; ImmutableOopMap {rbp=Oop [48]=Oop [80]=NarrowOop [96]=NarrowOop [112]=Oop }
                      ;*arraylength {reexecute=0 rethrow=0 return_oop=0}
                      ; - java.lang.String::length@4 (line 1580)
                      ; - java.lang.String::getChars@3 (line 1769)
                      ; - java.io.BufferedWriter::write@68 (line 278)
                      ; - java.io.Writer::write@7 (line 248)
                      ; - java.io.PrintStream::write@13 (line 664)
                      ; - java.io.PrintStream::print@5 (line 838)
                      ; - java.io.PrintStream::append@5 (line 1276)
                      ; - java.io.PrintStream::append@2 (line 64)
                      ; - org.gradle.internal.logging.text.StreamBackedStandardOutputListener::onOutput@5 (line 52)
                      ; - org.gradle.internal.logging.text.StreamingStyledTextOutput::doAppend@5 (line 55)
  0x000002bcdb90f740: 1c8a 6eff 

  0x000002bcdb90f744: ;   {post_call_nop}
  0x000002bcdb90f744: 0f1f 8400 | 3c37 006d | baf6 ffff | ff48 8b6c | 2420 48ff | 7424 7848 | 8f44 2430 | 4489 5c24 
  0x000002bcdb90f764: 5044 8944 | 245c 4489 | 4c24 6090 

  0x000002bcdb90f770: ;   {runtime_call UncommonTrapBlob}
  0x000002bcdb90f770: c5f8 77e8 

  0x000002bcdb90f774: ; ImmutableOopMap {rbp=Oop [48]=Oop [80]=NarrowOop [96]=NarrowOop [112]=Oop }
                      ;*arraylength {reexecute=0 rethrow=0 return_oop=0}
                      ; - java.lang.String::getChars@15 (line 1770)
                      ; - java.io.BufferedWriter::write@68 (line 278)
                      ; - java.io.Writer::write@7 (line 248)
                      ; - java.io.PrintStream::write@13 (line 664)
                      ; - java.io.PrintStream::print@5 (line 838)
                      ; - java.io.PrintStream::append@5 (line 1276)
                      ; - java.io.PrintStream::append@2 (line 64)
                      ; - org.gradle.internal.logging.text.StreamBackedStandardOutputListener::onOutput@5 (line 52)
                      ; - org.gradle.internal.logging.text.StreamingStyledTextOutput::doAppend@5 (line 55)
  0x000002bcdb90f774: e889 6eff 

  0x000002bcdb90f778: ;   {post_call_nop}
  0x000002bcdb90f778: 0f1f 8400 | 7037 006e | baf6 ffff | ff48 ff74 | 2478 488f | 4424 2090 

  0x000002bcdb90f790: ;   {runtime_call UncommonTrapBlob}
  0x000002bcdb90f790: c5f8 77e8 

  0x000002bcdb90f794: ; ImmutableOopMap {[32]=Oop [112]=Oop }
                      ;*invokevirtual flush {reexecute=0 rethrow=0 return_oop=0}
                      ; - java.io.PrintStream::write@50 (line 668)
                      ; - java.io.PrintStream::print@5 (line 838)
                      ; - java.io.PrintStream::append@5 (line 1276)
                      ; - java.io.PrintStream::append@2 (line 64)
                      ; - org.gradle.internal.logging.text.StreamBackedStandardOutputListener::onOutput@5 (line 52)
                      ; - org.gradle.internal.logging.text.StreamingStyledTextOutput::doAppend@5 (line 55)
  0x000002bcdb90f794: c889 6eff 

  0x000002bcdb90f798: ;   {post_call_nop}
  0x000002bcdb90f798: 0f1f 8400 | 9037 006f | ba4d ffff | ff48 8b6c | 2420 48ff | 7424 7848 | 8f44 2430 | 4489 5424 
  0x000002bcdb90f7b8: 5466 6690 

  0x000002bcdb90f7bc: ;   {runtime_call UncommonTrapBlob}
  0x000002bcdb90f7bc: c5f8 77e8 

  0x000002bcdb90f7c0: ; ImmutableOopMap {rbp=Oop [40]=NarrowOop [44]=NarrowOop [48]=Oop [84]=NarrowOop [112]=Oop }
                      ;*ifnonnull {reexecute=1 rethrow=0 return_oop=0}
                      ; - (reexecute) java.io.BufferedWriter::ensureOpen@4 (line 136)
                      ; - java.io.BufferedWriter::flushBuffer@8 (line 165)
                      ; - java.io.PrintStream::write@20 (line 665)
                      ; - java.io.PrintStream::print@5 (line 838)
                      ; - java.io.PrintStream::append@5 (line 1276)
                      ; - java.io.PrintStream::append@2 (line 64)
                      ; - org.gradle.internal.logging.text.StreamBackedStandardOutputListener::onOutput@5 (line 52)
                      ; - org.gradle.internal.logging.text.StreamingStyledTextOutput::doAppend@5 (line 55)
  0x000002bcdb90f7c0: 9c89 6eff 

  0x000002bcdb90f7c4: ;   {post_call_nop}
  0x000002bcdb90f7c4: 0f1f 8400 | bc37 0070 | ba4d ffff | ff66 6690 

  0x000002bcdb90f7d4: ;   {runtime_call UncommonTrapBlob}
  0x000002bcdb90f7d4: c5f8 77e8 

  0x000002bcdb90f7d8: ; ImmutableOopMap {rbp=NarrowOop [32]=Oop }
                      ;*ifnonnull {reexecute=1 rethrow=0 return_oop=0}
                      ; - (reexecute) java.io.PrintStream::ensureOpen@4 (line 391)
                      ; - java.io.PrintStream::flush@5 (line 405)
                      ; - org.gradle.internal.logging.text.StreamBackedStandardOutputListener::onOutput@15 (line 53)
                      ; - org.gradle.internal.logging.text.StreamingStyledTextOutput::doAppend@5 (line 55)
  0x000002bcdb90f7d8: 8489 6eff 

  0x000002bcdb90f7dc: ;   {post_call_nop}
  0x000002bcdb90f7dc: 0f1f 8400 | d437 0071 | ba4d ffff | ff48 8b6c | 2420 48ff | 7424 7848 | 8f44 2428 | 8974 244c 
  0x000002bcdb90f7fc: 4489 4424 | 5044 8954 | 2454 8944 | 2458 4489 | 5c24 5c90 

  0x000002bcdb90f810: ;   {runtime_call UncommonTrapBlob}
  0x000002bcdb90f810: c5f8 77e8 

  0x000002bcdb90f814: ; ImmutableOopMap {rbp=Oop [40]=Oop [76]=NarrowOop [80]=NarrowOop [88]=NarrowOop [92]=NarrowOop [112]=Oop }
                      ;*ifnonnull {reexecute=1 rethrow=0 return_oop=0}
                      ; - (reexecute) java.nio.ByteBuffer::array@4 (line 1514)
                      ; - sun.nio.cs.StreamEncoder::writeBytes@68 (line 220)
                      ; - sun.nio.cs.StreamEncoder::implFlushBuffer@11 (line 315)
                      ; - sun.nio.cs.StreamEncoder::flushBuffer@15 (line 101)
                      ; - java.io.OutputStreamWriter::flushBuffer@4 (line 179)
                      ; - java.io.PrintStream::write@27 (line 666)
                      ; - java.io.PrintStream::print@5 (line 838)
                      ; - java.io.PrintStream::append@5 (line 1276)
                      ; - java.io.PrintStream::append@2 (line 64)
                      ; - org.gradle.internal.logging.text.StreamBackedStandardOutputListener::onOutput@5 (line 52)
                      ; - org.gradle.internal.logging.text.StreamingStyledTextOutput::doAppend@5 (line 55)
  0x000002bcdb90f814: 4889 6eff 

  0x000002bcdb90f818: ;   {post_call_nop}
  0x000002bcdb90f818: 0f1f 8400 | 1038 0072 | ba4d ffff | ff48 8b5c | 2470 4889 | 5c24 2848 | ff74 2478 | 488f 4424 
  0x000002bcdb90f838: 3089 7424 | 5444 8944 | 2458 4489 | 5c24 5c44 | 894c 2468 | 4489 5424 | 6c48 894c | 2470 4889 
  0x000002bcdb90f858: 4c24 7890 

  0x000002bcdb90f85c: ;   {runtime_call UncommonTrapBlob}
  0x000002bcdb90f85c: c5f8 77e8 

  0x000002bcdb90f860: ; ImmutableOopMap {rbp=NarrowOop [32]=Oop [40]=Oop [48]=Oop [84]=NarrowOop [88]=NarrowOop [92]=NarrowOop [112]=Oop [120]=Oop }
                      ;*ifnonnull {reexecute=1 rethrow=0 return_oop=0}
                      ; - (reexecute) java.io.PrintStream::ensureOpen@4 (line 391)
                      ; - java.io.PrintStream::write@6 (line 538)
                      ; - sun.nio.cs.StreamEncoder::writeBytes@81 (line 220)
                      ; - sun.nio.cs.StreamEncoder::implFlushBuffer@11 (line 315)
                      ; - sun.nio.cs.StreamEncoder::flushBuffer@15 (line 101)
                      ; - java.io.OutputStreamWriter::flushBuffer@4 (line 179)
                      ; - java.io.PrintStream::write@27 (line 666)
                      ; - java.io.PrintStream::print@5 (line 838)
                      ; - java.io.PrintStream::append@5 (line 1276)
                      ; - java.io.PrintStream::append@2 (line 64)
                      ; - org.gradle.internal.logging.text.StreamBackedStandardOutputListener::onOutput@5 (line 52)
                      ; - org.gradle.internal.logging.text.StreamingStyledTextOutput::doAppend@5 (line 55)
  0x000002bcdb90f860: fc88 6eff 

  0x000002bcdb90f864: ;   {post_call_nop}
  0x000002bcdb90f864: 0f1f 8400 | 5c38 0073 | 488b d844 | 8b58 0848 | bf00 0000 | 80bc 0200 | 0049 03fb | eb14 488b 
  0x000002bcdb90f884: d844 8b58 | 0848 bf00 | 0000 80bc | 0200 0049 | 03fb 488d | 8424 d800 | 0000 418b | 8758 0600 
  0x000002bcdb90f8a4: 004c 8b55 | 0049 3b6c | 07f8 0f85 | 2f00 0000 | 4183 af58 | 0600 0008 | 493b 6c07 | f00f 8466 
  0x000002bcdb90f8c4: 0000 0049 | 8bc2 4883 | e0fc 4983 | ca01 f04c | 0fb1 5500 | 0f85 5d06 | 0000 e94a | 0000 0049 
  0x000002bcdb90f8e4: 83ba 8600 | 0000 0075 | 3949 c742 | 3e00 0000 | 00f0 8344 | 24c0 0049 | 8b82 8e00 | 0000 490b 
  0x000002bcdb90f904: 8296 0000 | 0074 2249 | 83ba 9e00 | 0000 0075 | 1849 83e2 | fd4d 8997 | 6805 0000 | 4183 ca01 
  0x000002bcdb90f924: eb0a 49ff | 8a86 0000 | 0045 33d2 | 752e 4c8b 

  0x000002bcdb90f934: ;   {metadata('java/io/IOException')}
  0x000002bcdb90f934: 5748 49bb | b845 1c80 | bc02 0000 | 4d3b d375 | 4348 8beb | ba9d ffff | ff66 6690 

  0x000002bcdb90f950: ;   {runtime_call UncommonTrapBlob}
  0x000002bcdb90f950: c5f8 77e8 

  0x000002bcdb90f954: ; ImmutableOopMap {rbp=Oop [64]=Oop }
                      ;*astore_2 {reexecute=0 rethrow=0 return_oop=0}
                      ; - java.io.PrintStream::flush@18 (line 408)
                      ; - org.gradle.internal.logging.text.StreamBackedStandardOutputListener::onOutput@15 (line 53)
                      ; - org.gradle.internal.logging.text.StreamingStyledTextOutput::doAppend@5 (line 55)
  0x000002bcdb90f954: 0888 6eff 

  0x000002bcdb90f958: ;   {post_call_nop}
  0x000002bcdb90f958: 0f1f 8400 | 5039 0074 | 488b cd48 | 8d94 24d8 | 0000 004d | 8bc7 c5f8 | 7749 bae0 | 0fdb e7fb 
  0x000002bcdb90f978: 7f00 0041 

  0x000002bcdb90f97c: ;   {post_call_nop}
  0x000002bcdb90f97c: ffd2 0f1f | 8400 0000 | 0000 ebaa | ba9d ffff | ff48 895c | 2420 6690 

  0x000002bcdb90f994: ;   {runtime_call UncommonTrapBlob}
  0x000002bcdb90f994: c5f8 77e8 

  0x000002bcdb90f998: ; ImmutableOopMap {[32]=Oop [64]=Oop }
                      ;*astore_3 {reexecute=0 rethrow=0 return_oop=0}
                      ; - java.io.PrintStream::flush@29 (line 411)
                      ; - org.gradle.internal.logging.text.StreamBackedStandardOutputListener::onOutput@15 (line 53)
                      ; - org.gradle.internal.logging.text.StreamingStyledTextOutput::doAppend@5 (line 55)
  0x000002bcdb90f998: c487 6eff 

  0x000002bcdb90f99c: ;   {post_call_nop}
  0x000002bcdb90f99c: 0f1f 8400 | 9439 0075 | ba9d ffff | ff48 8b6c | 2420 4889 | 4424 5090 

  0x000002bcdb90f9b4: ;   {runtime_call UncommonTrapBlob}
  0x000002bcdb90f9b4: c5f8 77e8 

  0x000002bcdb90f9b8: ; ImmutableOopMap {rbp=Oop [44]=NarrowOop [56]=Oop [80]=Oop [112]=Oop }
                      ;*astore_2 {reexecute=0 rethrow=0 return_oop=0}
                      ; - sun.nio.cs.StreamEncoder::flushBuffer@36 (line 104)
                      ; - java.io.OutputStreamWriter::flushBuffer@4 (line 179)
                      ; - java.io.PrintStream::write@27 (line 666)
                      ; - java.io.PrintStream::print@5 (line 838)
                      ; - java.io.PrintStream::append@5 (line 1276)
                      ; - java.io.PrintStream::append@2 (line 64)
                      ; - org.gradle.internal.logging.text.StreamBackedStandardOutputListener::onOutput@5 (line 52)
                      ; - org.gradle.internal.logging.text.StreamingStyledTextOutput::doAppend@5 (line 55)
  0x000002bcdb90f9b8: a487 6eff 

  0x000002bcdb90f9bc: ;   {post_call_nop}
  0x000002bcdb90f9bc: 0f1f 8400 | b439 0076 | eb38 448b 

  0x000002bcdb90f9c8: ;   {metadata('java/lang/IllegalArgumentException')}
  0x000002bcdb90f9c8: 5808 49ba | 9823 1c80 | bc02 0000 | 49b8 0000 | 0080 bc02 | 0000 4d03 | c34d 8b58 | 504d 3bda 
  0x000002bcdb90f9e8: 0f84 a200 | 0000 488b | e8eb 58eb | 0048 8be8 | eb51 eb02 | eb00 448b | 5008 49bb | 0000 0080 
  0x000002bcdb90fa08: bc02 0000 | 4d03 daeb | 2444 8b50 | 0849 bb00 | 0000 80bc | 0200 004d | 03da eb11 | 448b 5008 
  0x000002bcdb90fa28: 49bb 0000 | 0080 bc02 | 0000 4d03 | da4d 8b53 

  0x000002bcdb90fa38: ;   {metadata('java/lang/RuntimeException')}
  0x000002bcdb90fa38: 4849 bb50 | 061c 80bc | 0200 004d | 3bd3 7424 | 488b e8ba | 9dff ffff | 48ff 7424 | 7848 8f44 
  0x000002bcdb90fa58: 2438 6690 

  0x000002bcdb90fa5c: ;   {runtime_call UncommonTrapBlob}
  0x000002bcdb90fa5c: c5f8 77e8 

  0x000002bcdb90fa60: ; ImmutableOopMap {rbp=Oop [32]=Oop [40]=NarrowOop [44]=NarrowOop [56]=Oop [76]=NarrowOop [112]=Oop }
                      ;*astore {reexecute=0 rethrow=0 return_oop=0}
                      ; - sun.nio.cs.StreamEncoder::write@69 (line 123)
                      ; - java.io.OutputStreamWriter::write@7 (line 206)
                      ; - java.io.BufferedWriter::flushBuffer@34 (line 168)
                      ; - java.io.PrintStream::write@20 (line 665)
                      ; - java.io.PrintStream::print@5 (line 838)
                      ; - java.io.PrintStream::append@5 (line 1276)
                      ; - java.io.PrintStream::append@2 (line 64)
                      ; - org.gradle.internal.logging.text.StreamBackedStandardOutputListener::onOutput@5 (line 52)
                      ; - org.gradle.internal.logging.text.StreamingStyledTextOutput::doAppend@5 (line 55)
  0x000002bcdb90fa60: fc86 6eff 

  0x000002bcdb90fa64: ;   {post_call_nop}
  0x000002bcdb90fa64: 0f1f 8400 | 5c3a 0077 | 488b e8ba | 9dff ffff | 48ff 7424 | 7848 8f44 | 2440 6690 

  0x000002bcdb90fa80: ;   {runtime_call UncommonTrapBlob}
  0x000002bcdb90fa80: c5f8 77e8 

  0x000002bcdb90fa84: ; ImmutableOopMap {rbp=Oop [32]=Oop [40]=NarrowOop [44]=NarrowOop [56]=NarrowOop [64]=Oop [76]=NarrowOop [88]=Oop [112]=Oop }
                      ;*astore {reexecute=0 rethrow=0 return_oop=0}
                      ; - java.nio.charset.CharsetEncoder::encode@65 (line 588)
                      ; - sun.nio.cs.StreamEncoder::implWrite@38 (line 280)
                      ; - sun.nio.cs.StreamEncoder::implWrite@11 (line 267)
                      ; - sun.nio.cs.StreamEncoder::write@60 (line 122)
                      ; - java.io.OutputStreamWriter::write@7 (line 206)
                      ; - java.io.BufferedWriter::flushBuffer@34 (line 168)
                      ; - java.io.PrintStream::write@20 (line 665)
                      ; - java.io.PrintStream::print@5 (line 838)
                      ; - java.io.PrintStream::append@5 (line 1276)
                      ; - java.io.PrintStream::append@2 (line 64)
                      ; - org.gradle.internal.logging.text.StreamBackedStandardOutputListener::onOutput@5 (line 52)
                      ; - org.gradle.internal.logging.text.StreamingStyledTextOutput::doAppend@5 (line 55)
  0x000002bcdb90fa84: d886 6eff 

  0x000002bcdb90fa88: ;   {post_call_nop}
  0x000002bcdb90fa88: 0f1f 8400 | 803a 0078 | 488b e8ba | 9dff ffff | 48ff 7424 | 7848 8f44 | 2438 6690 

  0x000002bcdb90faa4: ;   {runtime_call UncommonTrapBlob}
  0x000002bcdb90faa4: c5f8 77e8 

  0x000002bcdb90faa8: ; ImmutableOopMap {rbp=Oop [32]=Oop [40]=NarrowOop [44]=NarrowOop [56]=Oop [72]=NarrowOop [76]=NarrowOop [112]=Oop }
                      ;*astore_3 {reexecute=0 rethrow=0 return_oop=0}
                      ; - java.nio.CharBuffer::wrap@12 (line 444)
                      ; - sun.nio.cs.StreamEncoder::implWrite@3 (line 266)
                      ; - sun.nio.cs.StreamEncoder::write@60 (line 122)
                      ; - java.io.OutputStreamWriter::write@7 (line 206)
                      ; - java.io.BufferedWriter::flushBuffer@34 (line 168)
                      ; - java.io.PrintStream::write@20 (line 665)
                      ; - java.io.PrintStream::print@5 (line 838)
                      ; - java.io.PrintStream::append@5 (line 1276)
                      ; - java.io.PrintStream::append@2 (line 64)
                      ; - org.gradle.internal.logging.text.StreamBackedStandardOutputListener::onOutput@5 (line 52)
                      ; - org.gradle.internal.logging.text.StreamingStyledTextOutput::doAppend@5 (line 55)
  0x000002bcdb90faa8: b486 6eff 

  0x000002bcdb90faac: ;   {post_call_nop}
  0x000002bcdb90faac: 0f1f 8400 | a43a 0079 | 488b d8eb | 0d48 8bd8 | eb08 488b | d8eb 0348 | 8bd8 4c8b | 5c24 6048 
  0x000002bcdb90facc: 8d84 24e8 | 0000 0041 | 8b87 5806 | 0000 4d8b | 134d 3b5c | 07f8 0f85 | 2e00 0000 | 4183 af58 
  0x000002bcdb90faec: 0600 0008 | 4d3b 5c07 | f00f 8465 | 0000 0049 | 8bc2 4883 | e0fc 4983 | ca01 f04d | 0fb1 130f 
  0x000002bcdb90fb0c: 851d 0400 | 00e9 4a00 | 0000 4983 | ba86 0000 | 0000 7539 | 49c7 423e | 0000 0000 | f083 4424 
  0x000002bcdb90fb2c: c000 498b | 828e 0000 | 0049 0b82 | 9600 0000 | 7422 4983 | ba9e 0000 | 0000 7518 | 4983 e2fd 
  0x000002bcdb90fb4c: 4d89 9768 | 0500 0041 | 83ca 01eb | 0a49 ff8a | 8600 0000 | 4533 d20f | 84da 0000 | 0048 8b4c 
  0x000002bcdb90fb6c: 2460 488d | 9424 e800 | 0000 4d8b | c7c5 f877 | 49ba e00f | dbe7 fb7f | 0000 41ff 

  0x000002bcdb90fb88: ;   {post_call_nop}
  0x000002bcdb90fb88: d20f 1f84 | 0000 0000 | 00e9 ad00 | 0000 488b | d8eb 0348 | 8bd8 4c8b | dd48 8d84 | 24e8 0000 
  0x000002bcdb90fba8: 0041 8b87 | 5806 0000 | 4d8b 134d | 3b5c 07f8 | 0f85 2e00 | 0000 4183 | af58 0600 | 0008 4d3b 
  0x000002bcdb90fbc8: 5c07 f00f | 8465 0000 | 0049 8bc2 | 4883 e0fc | 4983 ca01 | f04d 0fb1 | 130f 853a | 0300 00e9 
  0x000002bcdb90fbe8: 4a00 0000 | 4983 ba86 | 0000 0000 | 7539 49c7 | 423e 0000 | 0000 f083 | 4424 c000 | 498b 828e 
  0x000002bcdb90fc08: 0000 0049 | 0b82 9600 | 0000 7422 | 4983 ba9e | 0000 0000 | 7518 4983 | e2fd 4d89 | 9768 0500 
  0x000002bcdb90fc28: 0041 83ca | 01eb 0a49 | ff8a 8600 | 0000 4533 | d275 3548 | 8beb eb06 | 488b d848 | 8beb ba9d 
  0x000002bcdb90fc48: ffff ff4c | 8b54 2470 | 4c89 5424 | 3048 ff74 | 2478 488f | 4424 3890 

  0x000002bcdb90fc60: ;   {runtime_call UncommonTrapBlob}
  0x000002bcdb90fc60: c5f8 77e8 

  0x000002bcdb90fc64: ; ImmutableOopMap {rbp=Oop [32]=Oop [40]=NarrowOop [44]=NarrowOop [48]=Oop [56]=Oop [64]=Oop }
                      ;*astore {reexecute=0 rethrow=0 return_oop=0}
                      ; - java.io.PrintStream::write@39 (line 542)
                      ; - sun.nio.cs.StreamEncoder::writeBytes@81 (line 220)
                      ; - sun.nio.cs.StreamEncoder::implFlushBuffer@11 (line 315)
                      ; - sun.nio.cs.StreamEncoder::flushBuffer@15 (line 101)
                      ; - java.io.OutputStreamWriter::flushBuffer@4 (line 179)
                      ; - java.io.PrintStream::write@27 (line 666)
                      ; - java.io.PrintStream::print@5 (line 838)
                      ; - java.io.PrintStream::append@5 (line 1276)
                      ; - java.io.PrintStream::append@2 (line 64)
                      ; - org.gradle.internal.logging.text.StreamBackedStandardOutputListener::onOutput@5 (line 52)
                      ; - org.gradle.internal.logging.text.StreamingStyledTextOutput::doAppend@5 (line 55)
  0x000002bcdb90fc64: f884 6eff 

  0x000002bcdb90fc68: ;   {post_call_nop}
  0x000002bcdb90fc68: 0f1f 8400 | 603c 007a | 498b cb48 | 8d94 24e8 | 0000 004d | 8bc7 c5f8 | 7749 bae0 | 0fdb e7fb 
  0x000002bcdb90fc88: 7f00 0041 

  0x000002bcdb90fc8c: ;   {post_call_nop}
  0x000002bcdb90fc8c: ffd2 0f1f | 8400 0000 | 0000 eba3 | baf6 ffff | ff48 8b6c | 2420 48ff | 7424 7848 | 8f44 2428 
  0x000002bcdb90fcac: 8974 244c 

  0x000002bcdb90fcb0: ;   {runtime_call UncommonTrapBlob}
  0x000002bcdb90fcb0: c5f8 77e8 

  0x000002bcdb90fcb4: ; ImmutableOopMap {rbp=Oop [40]=Oop [76]=NarrowOop [112]=Oop }
                      ;*getfield append {reexecute=1 rethrow=0 return_oop=0}
                      ; - (reexecute) java.io.FileDescriptor$1::getAppend@1 (line 85)
                      ; - java.io.FileOutputStream::write@7 (line 355)
                      ; - sun.nio.cs.StreamEncoder::writeBytes@81 (line 220)
                      ; - sun.nio.cs.StreamEncoder::implFlushBuffer@11 (line 315)
                      ; - sun.nio.cs.StreamEncoder::flushBuffer@15 (line 101)
                      ; - java.io.OutputStreamWriter::flushBuffer@4 (line 179)
                      ; - java.io.PrintStream::write@27 (line 666)
                      ; - java.io.PrintStream::print@5 (line 838)
                      ; - java.io.PrintStream::append@5 (line 1276)
                      ; - java.io.PrintStream::append@2 (line 64)
                      ; - org.gradle.internal.logging.text.StreamBackedStandardOutputListener::onOutput@5 (line 52)
                      ; - org.gradle.internal.logging.text.StreamingStyledTextOutput::doAppend@5 (line 55)
  0x000002bcdb90fcb4: a884 6eff 

  0x000002bcdb90fcb8: ;   {post_call_nop}
  0x000002bcdb90fcb8: 0f1f 8400 | b03c 007b | baf6 ffff | ff48 8b6c | 2420 4c8b | 5424 704c | 8954 2420 | 4c8b 5424 
  0x000002bcdb90fcd8: 784c 8954 | 2438 4c89 | 5424 4848 | 895c 2470 

  0x000002bcdb90fce8: ;   {runtime_call UncommonTrapBlob}
  0x000002bcdb90fce8: c5f8 77e8 

  0x000002bcdb90fcec: ; ImmutableOopMap {rbp=Oop [32]=Oop [40]=NarrowOop [44]=NarrowOop [56]=Oop [64]=Oop [72]=Oop [112]=Oop }
                      ;*arraylength {reexecute=0 rethrow=0 return_oop=0}
                      ; - java.io.BufferedOutputStream::write@33 (line 187)
                      ; - java.io.PrintStream::write@16 (line 539)
                      ; - sun.nio.cs.StreamEncoder::writeBytes@81 (line 220)
                      ; - sun.nio.cs.StreamEncoder::implFlushBuffer@11 (line 315)
                      ; - sun.nio.cs.StreamEncoder::flushBuffer@15 (line 101)
                      ; - java.io.OutputStreamWriter::flushBuffer@4 (line 179)
                      ; - java.io.PrintStream::write@27 (line 666)
                      ; - java.io.PrintStream::print@5 (line 838)
                      ; - java.io.PrintStream::append@5 (line 1276)
                      ; - java.io.PrintStream::append@2 (line 64)
                      ; - org.gradle.internal.logging.text.StreamBackedStandardOutputListener::onOutput@5 (line 52)
                      ; - org.gradle.internal.logging.text.StreamingStyledTextOutput::doAppend@5 (line 55)
  0x000002bcdb90fcec: 7084 6eff 

  0x000002bcdb90fcf0: ;   {post_call_nop}
  0x000002bcdb90fcf0: 0f1f 8400 | e83c 007c | 8b19 48c1 | e303 4883 | fb00 0f84 | 04cd ffff | 498b 5738 | 4885 d20f 
  0x000002bcdb90fd10: 8414 0000 | 0048 83ea | 0849 8957 | 3849 0357 | 4048 891a | e9e3 ccff | ff48 83ec | 604c 8954 
  0x000002bcdb90fd30: 2458 4c89 | 5c24 504c | 8944 2448 | 4c89 4c24 | 4048 894c | 2438 4889 | 7c24 3048 | 8974 2428 
  0x000002bcdb90fd50: 488b cb49 

  0x000002bcdb90fd54: ;   {runtime_call}
  0x000002bcdb90fd54: 8bd7 48b8 | 5049 96e7 | fb7f 0000 | ffd0 488b | 7424 2848 | 8b7c 2430 | 488b 4c24 | 384c 8b4c 
  0x000002bcdb90fd74: 2440 4c8b | 4424 484c | 8b5c 2450 | 4c8b 5424 | 58c5 f877 | 4883 c460 | e97b ccff | fff0 8344 
  0x000002bcdb90fd94: 24c0 0080 | 3a00 0f84 | a3cc ffff | c602 0049 | 8b5f 5048 | 85db 0f84 | 1400 0000 | 4883 eb08 
  0x000002bcdb90fdb4: 4989 5f50 | 4903 5f58 | 4889 13e9 | 7fcc ffff | 4883 ec50 | 4c89 5424 | 484c 895c | 2440 4c89 
  0x000002bcdb90fdd4: 4c24 3848 | 897c 2430 | 4889 7424 | 2848 8bca 

  0x000002bcdb90fde4: ;   {runtime_call}
  0x000002bcdb90fde4: 498b d748 | b830 4996 | e7fb 7f00 | 00ff d048 | 8b74 2428 | 488b 7c24 | 304c 8b4c | 2438 4c8b 
  0x000002bcdb90fe04: 5c24 404c | 8b54 2448 | c5f8 7748 | 83c4 50e9 | 2bcc ffff | 8b1f 48c1 | e303 4883 | fb00 0f84 
  0x000002bcdb90fe24: 52d9 ffff | 498b 4f38 | 4885 c90f | 8414 0000 | 0048 83e9 | 0849 894f | 3849 034f | 4048 8919 
  0x000002bcdb90fe44: e931 d9ff | ff48 83ec | 504c 8954 | 2448 4c89 | 5c24 404c | 8944 2438 | 4c89 4c24 | 3048 897c 
  0x000002bcdb90fe64: 2428 4889 | 4424 2048 | 8bcb 498b 

  0x000002bcdb90fe70: ;   {runtime_call}
  0x000002bcdb90fe70: d748 b850 | 4996 e7fb | 7f00 00ff | d048 8b44 | 2420 488b | 7c24 284c | 8b4c 2430 | 4c8b 4424 
  0x000002bcdb90fe90: 384c 8b5c | 2440 4c8b | 5424 48c5 | f877 4883 | c450 e9d3 | d8ff fff0 | 8344 24c0 | 0080 3900 
  0x000002bcdb90feb0: 0f84 04d9 | ffff c601 | 0049 8b5f | 5048 85db | 0f84 1400 | 0000 4883 | eb08 4989 | 5f50 4903 
  0x000002bcdb90fed0: 5f58 4889 | 0be9 e0d8 | ffff 4883 | ec40 4c89 | 5424 384c | 895c 2430 | 4c89 4424 | 284c 894c 
  0x000002bcdb90fef0: 2420 498b 

  0x000002bcdb90fef4: ;   {runtime_call}
  0x000002bcdb90fef4: d748 b830 | 4996 e7fb | 7f00 00ff | d04c 8b4c | 2420 4c8b | 4424 284c | 8b5c 2430 | 4c8b 5424 
  0x000002bcdb90ff14: 38c5 f877 | 4883 c440 | e999 d8ff | ff41 8387 | 5806 0000 | 08e9 0bfd | ffff 4183 | 8758 0600 
  0x000002bcdb90ff34: 0008 e928 | fcff ff41 | 8387 5806 | 0000 08e9 | e8f9 ffff | 4183 8758 | 0600 0008 | e91e e1ff 
  0x000002bcdb90ff54: ff41 8387 | 5806 0000 | 08e9 6bdf | ffff 4183 | 8758 0600 | 0008 e90a | deff ff41 | 8387 5806 
  0x000002bcdb90ff74: 0000 08e9 | 8ada ffff | 4183 8758 | 0600 0008 | e9df d8ff 

  0x000002bcdb90ff88: ;   {internal_word}
  0x000002bcdb90ff88: ff49 bafa | d590 dbbc | 0200 004d | 8997 6004 

  0x000002bcdb90ff98: ;   {runtime_call SafepointBlob}
  0x000002bcdb90ff98: 0000 e941 | 5d62 ff41 | 8387 5806 | 0000 08e9 | 3dd6 ffff | 4183 8758 | 0600 0008 | e9d0 d4ff 
  0x000002bcdb90ffb8: ff41 8387 | 5806 0000 | 08e9 f7d2 | ffff 4183 | 8758 0600 | 0008 e911 | d2ff ff41 | 8387 5806 
  0x000002bcdb90ffd8: 0000 08e9 | 10cf ffff | 4183 8758 | 0600 0008 | e953 ceff | ff41 8387 | 5806 0000 | 08e9 eac7 
  0x000002bcdb90fff8: ;   {runtime_call StubRoutines (final stubs)}
  0x000002bcdb90fff8: ffff e801 | 5960 ffe9 | 4ac4 ffff | f4f4 f4f4 
[Stub Code]
  0x000002bcdb910008: ;   {no_reloc}
  0x000002bcdb910008: 48bb 0000 | 0000 0000 

  0x000002bcdb910010: ;   {runtime_call nmethod}
  0x000002bcdb910010: 0000 e9fb 

  0x000002bcdb910014: ;   {static_stub}
  0x000002bcdb910014: ffff ff48 | bb00 0000 | 0000 0000 

  0x000002bcdb910020: ;   {runtime_call nmethod}
  0x000002bcdb910020: 00e9 fbff 

  0x000002bcdb910024: ;   {static_stub}
  0x000002bcdb910024: ffff 48bb | 0000 0000 | 0000 0000 

  0x000002bcdb910030: ;   {runtime_call nmethod}
  0x000002bcdb910030: e9fb ffff 

  0x000002bcdb910034: ;   {static_stub}
  0x000002bcdb910034: ff48 bb00 | 0000 0000 

  0x000002bcdb91003c: ;   {runtime_call nmethod}
  0x000002bcdb91003c: 0000 00e9 | fbff ffff 

  0x000002bcdb910044: ;   {static_stub}
  0x000002bcdb910044: 48bb 0000 | 0000 0000 

  0x000002bcdb91004c: ;   {runtime_call nmethod}
  0x000002bcdb91004c: 0000 e9fb 

  0x000002bcdb910050: ;   {static_stub}
  0x000002bcdb910050: ffff ff48 | bb00 0000 | 0000 0000 

  0x000002bcdb91005c: ;   {runtime_call nmethod}
  0x000002bcdb91005c: 00e9 fbff 

  0x000002bcdb910060: ;   {static_stub}
  0x000002bcdb910060: ffff 48bb | 0000 0000 | 0000 0000 

  0x000002bcdb91006c: ;   {runtime_call nmethod}
  0x000002bcdb91006c: e9fb ffff 

  0x000002bcdb910070: ;   {static_stub}
  0x000002bcdb910070: ff48 bb00 | 0000 0000 

  0x000002bcdb910078: ;   {runtime_call nmethod}
  0x000002bcdb910078: 0000 00e9 | fbff ffff 

  0x000002bcdb910080: ;   {static_stub}
  0x000002bcdb910080: 48bb 0000 | 0000 0000 

  0x000002bcdb910088: ;   {runtime_call nmethod}
  0x000002bcdb910088: 0000 e9fb 

  0x000002bcdb91008c: ;   {static_stub}
  0x000002bcdb91008c: ffff ff48 | bb00 0000 | 0000 0000 

  0x000002bcdb910098: ;   {runtime_call nmethod}
  0x000002bcdb910098: 00e9 fbff 

  0x000002bcdb91009c: ;   {static_stub}
  0x000002bcdb91009c: ffff 48bb | 0000 0000 | 0000 0000 

  0x000002bcdb9100a8: ;   {runtime_call nmethod}
  0x000002bcdb9100a8: e9fb ffff 

  0x000002bcdb9100ac: ;   {runtime_call ExceptionBlob}
  0x000002bcdb9100ac: ffe9 ae83 | 6eff e800 | 0000 0048 | 832c 2405 

  0x000002bcdb9100bc: ;   {runtime_call DeoptimizationBlob}
  0x000002bcdb9100bc: e9bf 5162 | fff4 f4f4 | f4f4 f4f4 
[/MachCode]


Compiled method (c2) 1552494 15455       4       org.gradle.internal.logging.text.AbstractStyledTextOutput::text (19 bytes)
 total in heap  [0x000002bcdbc5fe08,0x000002bcdbc60030] = 552
 relocation     [0x000002bcdbc5fee0,0x000002bcdbc5ff08] = 40
 main code      [0x000002bcdbc5ff20,0x000002bcdbc5fff8] = 216
 stub code      [0x000002bcdbc5fff8,0x000002bcdbc60010] = 24
 oops           [0x000002bcdbc60010,0x000002bcdbc60018] = 8
 metadata       [0x000002bcdbc60018,0x000002bcdbc60030] = 24
 immutable data [0x000002bcf3062890,0x000002bcf3062950] = 192
 dependencies   [0x000002bcf3062890,0x000002bcf3062898] = 8
 nul chk table  [0x000002bcf3062898,0x000002bcf30628a8] = 16
 handler table  [0x000002bcf30628a8,0x000002bcf30628d8] = 48
 scopes pcs     [0x000002bcf30628d8,0x000002bcf3062928] = 80
 scopes data    [0x000002bcf3062928,0x000002bcf3062950] = 40

[Constant Pool (empty)]

[MachCode]
[Instructions begin]
  0x000002bcdbc5ff20: 6690 448b | 5208 443b 

  0x000002bcdbc5ff28: ;   {runtime_call Shared Runtime ic_miss_blob}
  0x000002bcdbc5ff28: 5008 0f85 | 30e8 2cff 
[Verified Entry Point]
  0x000002bcdbc5ff30: 8984 2400 | 80ff ff55 | 4883 ec30 | 4181 7f20 | 4100 0000 | 0f85 9e00 | 0000 488b | ea45 8b58 
  0x000002bcdbc5ff50: ;   {metadata('java/lang/String')}
  0x000002bcdbc5ff50: 0841 81fb | 48ae 1600 | 752d 488b | d548 b8d0 | cbbb c5bc 

  0x000002bcdbc5ff64: ;   {virtual_call}
  0x000002bcdbc5ff64: 0200 00e8 

  0x000002bcdbc5ff68: ; ImmutableOopMap {rbp=Oop }
                      ;*invokevirtual doAppend {reexecute=0 rethrow=0 return_oop=0}
                      ; - org.gradle.internal.logging.text.AbstractStyledTextOutput::text@14 (line 85)
  0x000002bcdbc5ff68: e41b 57ff 

  0x000002bcdbc5ff6c: ;   {post_call_nop}
  0x000002bcdbc5ff6c: 0f1f 8400 | 6401 0000 | 488b c548 | 83c4 305d 

  0x000002bcdbc5ff7c: ;   {poll_return}
  0x000002bcdbc5ff7c: 493b 6728 | 0f87 4c00 | 0000 c349 | 8bd0 6666 | 9048 b8f8 | cbbb c5bc 

  0x000002bcdbc5ff94: ;   {virtual_call}
  0x000002bcdbc5ff94: 0200 00e8 

  0x000002bcdbc5ff98: ; ImmutableOopMap {rbp=Oop }
                      ;*invokevirtual toString {reexecute=0 rethrow=0 return_oop=1}
                      ; - org.gradle.internal.logging.text.AbstractStyledTextOutput::text@11 (line 85)
  0x000002bcdbc5ff98: c6ea 9fff 

  0x000002bcdbc5ff9c: ;   {post_call_nop}
  0x000002bcdbc5ff9c: 0f1f 8400 | 9401 0001 | 4c8b c0eb | b1ba 4dff | ffff 4c89 

  0x000002bcdbc5ffb0: ;   {runtime_call UncommonTrapBlob}
  0x000002bcdbc5ffb0: 4424 10e8 

  0x000002bcdbc5ffb4: ; ImmutableOopMap {rbp=Oop [16]=Oop }
                      ;*ifnonnull {reexecute=1 rethrow=0 return_oop=0}
                      ; - (reexecute) org.gradle.internal.logging.text.AbstractStyledTextOutput::text@2 (line 85)
  0x000002bcdbc5ffb4: a881 39ff 

  0x000002bcdbc5ffb8: ;   {post_call_nop}
  0x000002bcdbc5ffb8: 0f1f 8400 | b001 0002 | 488b d0eb | 0348 8bd0 | 4883 c430 

  0x000002bcdbc5ffcc: ;   {runtime_call C2 Runtime rethrow}
  0x000002bcdbc5ffcc: 5de9 8eca 

  0x000002bcdbc5ffd0: ;   {internal_word}
  0x000002bcdbc5ffd0: 42ff 49ba | 7cff c5db | bc02 0000 | 4d89 9760 

  0x000002bcdbc5ffe0: ;   {runtime_call SafepointBlob}
  0x000002bcdbc5ffe0: 0400 00e9 | f85c 2dff 

  0x000002bcdbc5ffe8: ;   {runtime_call StubRoutines (final stubs)}
  0x000002bcdbc5ffe8: e813 592b | ffe9 58ff | ffff f4f4 | f4f4 f4f4 
[Exception Handler]
  0x000002bcdbc5fff8: ;   {no_reloc}
  0x000002bcdbc5fff8: e963 8439 | ffe8 0000 | 0000 4883 

  0x000002bcdbc60004: ;   {runtime_call DeoptimizationBlob}
  0x000002bcdbc60004: 2c24 05e9 | 7452 2dff | f4f4 f4f4 
[/MachCode]


---------------  P R O C E S S  ---------------

Threads class SMR info:
_java_thread_list=0x000002bcf3db5450, length=85, elements={
0x000002bccb1eff30, 0x000002bcebad5910, 0x000002bcebad6150, 0x000002bcebad9270,
0x000002bcebada670, 0x000002bcebb011f0, 0x000002bcebb01fa0, 0x000002bcebb035a0,
0x000002bcebb04120, 0x000002bcc504bce0, 0x000002bcc50af540, 0x000002bcc6ae25d0,
0x000002bcc6e7f360, 0x000002bcc6d46c50, 0x000002bcc6d86dc0, 0x000002bcc6d87510,
0x000002bcc6fbdd00, 0x000002bcc6fbce60, 0x000002bcc6fbeba0, 0x000002bcc6fbc710,
0x000002bcc6fbb870, 0x000002bcc6fbd5b0, 0x000002bcc6fbf2f0, 0x000002bcc6fbbfc0,
0x000002bcc6fc0190, 0x000002bcedd8baf0, 0x000002bcf42d92c0, 0x000002bcf42d66e0,
0x000002bcf42da8b0, 0x000002bcf3dc2b40, 0x000002bcf3dc23f0, 0x000002bcf3dc5e70,
0x000002bcf3dc65c0, 0x000002bcf3dc7460, 0x000002bcf7594630, 0x000002bcf7595c20,
0x000002bcf75954d0, 0x000002bcf7596370, 0x000002bcf628f250, 0x000002bcf62a16d0,
0x000002bcf62a4a00, 0x000002bcf6294a10, 0x000002bcf81ae3d0, 0x000002bcedd89660,
0x000002bcedd8f570, 0x000002bcedd8fcc0, 0x000002bcedd8d830, 0x000002bcf628a930,
0x000002bcf628cdc0, 0x000002bcf628b7d0, 0x000002bcf628bf20, 0x000002bcf628a1e0,
0x000002bcf6289a90, 0x000002bcf628e3b0, 0x000002bcf628f9a0, 0x000002bcf6290840,
0x000002bcf62900f0, 0x000002bcf6290f90, 0x000002bcf628dc60, 0x000002bcf628d510,
0x000002bcf6291e30, 0x000002bcf62916e0, 0x000002bcf628eb00, 0x000002bcf6293420,
0x000002bcf62958b0, 0x000002bcf6293b70, 0x000002bcf6292580, 0x000002bcf62942c0,
0x000002bcf6296000, 0x000002bcf6292cd0, 0x000002bcf6297d40, 0x000002bcf62975f0,
0x000002bcf6296750, 0x000002bcf6298490, 0x000002bcf6298be0, 0x000002bcf6299330,
0x000002bcf629a1d0, 0x000002bcf6296ea0, 0x000002bcf629a920, 0x000002bcf629cdb0,
0x000002bcf629b070, 0x000002bcf629eaf0, 0x000002bcf629d500, 0x000002bcf629bf10,
0x000002bcf6289340
}

Java Threads: ( => current thread )
  0x000002bccb1eff30 JavaThread "main"                              [_thread_blocked, id=31192, stack(0x000000f7e7e00000,0x000000f7e7f00000) (1024K)]
  0x000002bcebad5910 JavaThread "Reference Handler"          daemon [_thread_blocked, id=32384, stack(0x000000f7e8600000,0x000000f7e8700000) (1024K)]
  0x000002bcebad6150 JavaThread "Finalizer"                  daemon [_thread_blocked, id=34268, stack(0x000000f7e8700000,0x000000f7e8800000) (1024K)]
  0x000002bcebad9270 JavaThread "Signal Dispatcher"          daemon [_thread_blocked, id=32408, stack(0x000000f7e8800000,0x000000f7e8900000) (1024K)]
  0x000002bcebada670 JavaThread "Attach Listener"            daemon [_thread_blocked, id=32096, stack(0x000000f7e8900000,0x000000f7e8a00000) (1024K)]
  0x000002bcebb011f0 JavaThread "Service Thread"             daemon [_thread_blocked, id=4604, stack(0x000000f7e8a00000,0x000000f7e8b00000) (1024K)]
  0x000002bcebb01fa0 JavaThread "Monitor Deflation Thread"   daemon [_thread_blocked, id=34188, stack(0x000000f7e8b00000,0x000000f7e8c00000) (1024K)]
  0x000002bcebb035a0 JavaThread "C2 CompilerThread0"         daemon [_thread_blocked, id=31188, stack(0x000000f7e8c00000,0x000000f7e8d00000) (1024K)]
  0x000002bcebb04120 JavaThread "C1 CompilerThread0"         daemon [_thread_blocked, id=19768, stack(0x000000f7e8d00000,0x000000f7e8e00000) (1024K)]
  0x000002bcc504bce0 JavaThread "Common-Cleaner"             daemon [_thread_blocked, id=32372, stack(0x000000f7e9000000,0x000000f7e9100000) (1024K)]
  0x000002bcc50af540 JavaThread "Notification Thread"        daemon [_thread_blocked, id=30796, stack(0x000000f7e9100000,0x000000f7e9200000) (1024K)]
  0x000002bcc6ae25d0 JavaThread "Daemon health stats"               [_thread_blocked, id=33452, stack(0x000000f7ea400000,0x000000f7ea500000) (1024K)]
  0x000002bcc6e7f360 JavaThread "Incoming local TCP Connector on port 56344"        [_thread_in_native, id=30352, stack(0x000000f7ea500000,0x000000f7ea600000) (1024K)]
  0x000002bcc6d46c50 JavaThread "Daemon periodic checks"            [_thread_blocked, id=30144, stack(0x000000f7ea600000,0x000000f7ea700000) (1024K)]
  0x000002bcc6d86dc0 JavaThread "Cache worker for journal cache (C:\Users\bogda\.gradle\caches\journal-1)"        [_thread_blocked, id=28296, stack(0x000000f7eae00000,0x000000f7eaf00000) (1024K)]
  0x000002bcc6d87510 JavaThread "File lock request listener"        [_thread_in_native, id=32076, stack(0x000000f7eaf00000,0x000000f7eb000000) (1024K)]
  0x000002bcc6fbdd00 JavaThread "Cache worker for file hash cache (C:\Users\bogda\.gradle\caches\8.14.3\fileHashes)"        [_thread_blocked, id=17008, stack(0x000000f7eb000000,0x000000f7eb100000) (1024K)]
  0x000002bcc6fbce60 JavaThread "File watcher server"        daemon [_thread_in_native, id=7760, stack(0x000000f7eb600000,0x000000f7eb700000) (1024K)]
  0x000002bcc6fbeba0 JavaThread "File watcher consumer"      daemon [_thread_blocked, id=32460, stack(0x000000f7eb700000,0x000000f7eb800000) (1024K)]
  0x000002bcc6fbc710 JavaThread "jar transforms"                    [_thread_blocked, id=29908, stack(0x000000f7eb800000,0x000000f7eb900000) (1024K)]
  0x000002bcc6fbb870 JavaThread "jar transforms Thread 2"           [_thread_blocked, id=32492, stack(0x000000f7eb900000,0x000000f7eba00000) (1024K)]
  0x000002bcc6fbd5b0 JavaThread "jar transforms Thread 3"           [_thread_blocked, id=19676, stack(0x000000f7eba00000,0x000000f7ebb00000) (1024K)]
  0x000002bcc6fbf2f0 JavaThread "jar transforms Thread 4"           [_thread_blocked, id=24352, stack(0x000000f7ebb00000,0x000000f7ebc00000) (1024K)]
  0x000002bcc6fbbfc0 JavaThread "jar transforms Thread 5"           [_thread_blocked, id=13900, stack(0x000000f7ebc00000,0x000000f7ebd00000) (1024K)]
  0x000002bcc6fc0190 JavaThread "Cache worker for file content cache (C:\Users\bogda\.gradle\caches\8.14.3\fileContent)"        [_thread_blocked, id=12320, stack(0x000000f7ec200000,0x000000f7ec300000) (1024K)]
  0x000002bcedd8baf0 JavaThread "Memory manager"                    [_thread_blocked, id=6072, stack(0x000000f7eff00000,0x000000f7f0000000) (1024K)]
  0x000002bcf42d92c0 JavaThread "jar transforms Thread 6"           [_thread_blocked, id=8036, stack(0x000000f7eac00000,0x000000f7ead00000) (1024K)]
  0x000002bcf42d66e0 JavaThread "jar transforms Thread 7"           [_thread_blocked, id=28628, stack(0x000000f7ead00000,0x000000f7eae00000) (1024K)]
  0x000002bcf42da8b0 JavaThread "jar transforms Thread 8"           [_thread_blocked, id=13744, stack(0x000000f7eb400000,0x000000f7eb500000) (1024K)]
  0x000002bcf3dc2b40 JavaThread "jar transforms Thread 9"           [_thread_blocked, id=10092, stack(0x000000f7eca00000,0x000000f7ecb00000) (1024K)]
  0x000002bcf3dc23f0 JavaThread "jar transforms Thread 10"          [_thread_blocked, id=32540, stack(0x000000f7ecb00000,0x000000f7ecc00000) (1024K)]
  0x000002bcf3dc5e70 JavaThread "jar transforms Thread 11"          [_thread_blocked, id=26192, stack(0x000000f7ed100000,0x000000f7ed200000) (1024K)]
  0x000002bcf3dc65c0 JavaThread "jar transforms Thread 12"          [_thread_blocked, id=4448, stack(0x000000f7ed200000,0x000000f7ed300000) (1024K)]
  0x000002bcf3dc7460 JavaThread "jar transforms Thread 13"          [_thread_blocked, id=33116, stack(0x000000f7ed300000,0x000000f7ed400000) (1024K)]
  0x000002bcf7594630 JavaThread "RMI Scheduler(0)"           daemon [_thread_blocked, id=13428, stack(0x000000f7ed700000,0x000000f7ed800000) (1024K)]
  0x000002bcf7595c20 JavaThread "RMI GC Daemon"              daemon [_thread_blocked, id=24712, stack(0x000000f7eda00000,0x000000f7edb00000) (1024K)]
  0x000002bcf75954d0 JavaThread "RMI TCP Accept-0"           daemon [_thread_in_native, id=26388, stack(0x000000f7f2b00000,0x000000f7f2c00000) (1024K)]
  0x000002bcf7596370 JavaThread "RMI Reaper"                        [_thread_blocked, id=34572, stack(0x000000f7f4000000,0x000000f7f4100000) (1024K)]
  0x000002bcf628f250 JavaThread "Daemon worker Thread 5"            [_thread_blocked, id=18312, stack(0x000000f7e8f00000,0x000000f7e9000000) (1024K)]
  0x000002bcf62a16d0 JavaThread "jar transforms Thread 14"          [_thread_blocked, id=20456, stack(0x000000f7ed800000,0x000000f7ed900000) (1024K)]
  0x000002bcf62a4a00 JavaThread "jar transforms Thread 15"          [_thread_blocked, id=34136, stack(0x000000f7ee200000,0x000000f7ee300000) (1024K)]
  0x000002bcf6294a10 JavaThread "jar transforms Thread 16"          [_thread_blocked, id=21124, stack(0x000000f7ee300000,0x000000f7ee400000) (1024K)]
  0x000002bcf81ae3d0 JavaThread "jar transforms Thread 17"          [_thread_blocked, id=35500, stack(0x000000f7eea00000,0x000000f7eeb00000) (1024K)]
  0x000002bcedd89660 JavaThread "Exec process"                      [_thread_in_native, id=35988, stack(0x000000f7fd100000,0x000000f7fd200000) (1024K)]
  0x000002bcedd8f570 JavaThread "Exec process Thread 2"             [_thread_in_native, id=36020, stack(0x000000f7fd300000,0x000000f7fd400000) (1024K)]
  0x000002bcedd8fcc0 JavaThread "Exec process Thread 3"             [_thread_blocked, id=36024, stack(0x000000f7fd400000,0x000000f7fd500000) (1024K)]
=>0x000002bcedd8d830 JavaThread "Exec process Thread 4"             [_thread_in_vm, id=36028, stack(0x000000f7fd500000,0x000000f7fd600000) (1024K)]
  0x000002bcf628a930 JavaThread "Daemon Thread 13"                  [_thread_blocked, id=28572, stack(0x000000f7e9400000,0x000000f7e9500000) (1024K)]
  0x000002bcf628cdc0 JavaThread "Handler for socket connection from /127.0.0.1:56344 to /127.0.0.1:62672"        [_thread_in_native, id=26820, stack(0x000000f7e7c00000,0x000000f7e7d00000) (1024K)]
  0x000002bcf628b7d0 JavaThread "Cancel handler"                    [_thread_blocked, id=31184, stack(0x000000f7ea700000,0x000000f7ea800000) (1024K)]
  0x000002bcf628bf20 JavaThread "Asynchronous log dispatcher for DefaultDaemonConnection: socket connection from /127.0.0.1:56344 to /127.0.0.1:62672"        [_thread_blocked, id=28824, stack(0x000000f7ea800000,0x000000f7ea900000) (1024K)]
  0x000002bcf628a1e0 JavaThread "Stdin handler"                     [_thread_blocked, id=31204, stack(0x000000f7ea900000,0x000000f7eaa00000) (1024K)]
  0x000002bcf6289a90 JavaThread "Daemon client event forwarder"        [_thread_blocked, id=35244, stack(0x000000f7eab00000,0x000000f7eac00000) (1024K)]
  0x000002bcf628e3b0 JavaThread "Cache worker for file hash cache (C:\Users\bogda\Dev\IntellijProjects\AITA\AITA\.gradle\8.14.3\fileHashes)"        [_thread_blocked, id=28316, stack(0x000000f7eb500000,0x000000f7eb600000) (1024K)]
  0x000002bcf628f9a0 JavaThread "Cache worker for checksums cache (C:\Users\bogda\Dev\IntellijProjects\AITA\AITA\.gradle\8.14.3\checksums)"        [_thread_blocked, id=31564, stack(0x000000f7ebd00000,0x000000f7ebe00000) (1024K)]
  0x000002bcf6290840 JavaThread "Cache worker for Build Output Cleanup Cache (C:\Users\bogda\Dev\IntellijProjects\AITA\AITA\.gradle\buildOutputCleanup)"        [_thread_blocked, id=28336, stack(0x000000f7ebe00000,0x000000f7ebf00000) (1024K)]
  0x000002bcf62900f0 JavaThread "build event listener"              [_thread_blocked, id=33380, stack(0x000000f7ec700000,0x000000f7ec800000) (1024K)]
  0x000002bcf6290f90 JavaThread "Build operations"                  [_thread_blocked, id=2260, stack(0x000000f7ec800000,0x000000f7ec900000) (1024K)]
  0x000002bcf628dc60 JavaThread "Build operations Thread 2"         [_thread_blocked, id=35984, stack(0x000000f7ec900000,0x000000f7eca00000) (1024K)]
  0x000002bcf628d510 JavaThread "included builds"                   [_thread_blocked, id=35636, stack(0x000000f7ec600000,0x000000f7ec700000) (1024K)]
  0x000002bcf6291e30 JavaThread "Execution worker"                  [_thread_blocked, id=21540, stack(0x000000f7ecc00000,0x000000f7ecd00000) (1024K)]
  0x000002bcf62916e0 JavaThread "Execution worker Thread 2"         [_thread_blocked, id=33016, stack(0x000000f7ecd00000,0x000000f7ece00000) (1024K)]
  0x000002bcf628eb00 JavaThread "Execution worker Thread 3"         [_thread_blocked, id=14600, stack(0x000000f7ece00000,0x000000f7ecf00000) (1024K)]
  0x000002bcf6293420 JavaThread "Execution worker Thread 4"         [_thread_blocked, id=18940, stack(0x000000f7ecf00000,0x000000f7ed000000) (1024K)]
  0x000002bcf62958b0 JavaThread "Execution worker Thread 5"         [_thread_blocked, id=34484, stack(0x000000f7ed000000,0x000000f7ed100000) (1024K)]
  0x000002bcf6293b70 JavaThread "Cache worker for execution history cache (C:\Users\bogda\Dev\IntellijProjects\AITA\AITA\.gradle\8.14.3\executionHistory)"        [_thread_blocked, id=27908, stack(0x000000f7ed400000,0x000000f7ed500000) (1024K)]
  0x000002bcf6292580 JavaThread "Execution worker Thread 6"         [_thread_blocked, id=10376, stack(0x000000f7ed500000,0x000000f7ed600000) (1024K)]
  0x000002bcf62942c0 JavaThread "Execution worker Thread 7"         [_thread_blocked, id=28544, stack(0x000000f7ed600000,0x000000f7ed700000) (1024K)]
  0x000002bcf6296000 JavaThread "Execution worker Thread 8"         [_thread_blocked, id=7136, stack(0x000000f7ed900000,0x000000f7eda00000) (1024K)]
  0x000002bcf6292cd0 JavaThread "Execution worker Thread 9"         [_thread_blocked, id=35312, stack(0x000000f7edb00000,0x000000f7edc00000) (1024K)]
  0x000002bcf6297d40 JavaThread "Execution worker Thread 10"        [_thread_blocked, id=36416, stack(0x000000f7edc00000,0x000000f7edd00000) (1024K)]
  0x000002bcf62975f0 JavaThread "Execution worker Thread 11"        [_thread_blocked, id=36556, stack(0x000000f7edd00000,0x000000f7ede00000) (1024K)]
  0x000002bcf6296750 JavaThread "Execution worker Thread 12"        [_thread_blocked, id=34020, stack(0x000000f7ede00000,0x000000f7edf00000) (1024K)]
  0x000002bcf6298490 JavaThread "Execution worker Thread 13"        [_thread_blocked, id=35004, stack(0x000000f7edf00000,0x000000f7ee000000) (1024K)]
  0x000002bcf6298be0 JavaThread "Execution worker Thread 14"        [_thread_blocked, id=4780, stack(0x000000f7ee000000,0x000000f7ee100000) (1024K)]
  0x000002bcf6299330 JavaThread "Execution worker Thread 15"        [_thread_blocked, id=3820, stack(0x000000f7ee100000,0x000000f7ee200000) (1024K)]
  0x000002bcf629a1d0 JavaThread "Execution worker Thread 16"        [_thread_blocked, id=11532, stack(0x000000f7ee400000,0x000000f7ee500000) (1024K)]
  0x000002bcf6296ea0 JavaThread "Execution worker Thread 17"        [_thread_blocked, id=31692, stack(0x000000f7ee500000,0x000000f7ee600000) (1024K)]
  0x000002bcf629a920 JavaThread "Execution worker Thread 18"        [_thread_blocked, id=30448, stack(0x000000f7ee600000,0x000000f7ee700000) (1024K)]
  0x000002bcf629cdb0 JavaThread "Execution worker Thread 19"        [_thread_blocked, id=32348, stack(0x000000f7ee700000,0x000000f7ee800000) (1024K)]
  0x000002bcf629b070 JavaThread "WorkerExecutor Queue"              [_thread_blocked, id=32352, stack(0x000000f7ee800000,0x000000f7ee900000) (1024K)]
  0x000002bcf629eaf0 JavaThread "RMI RenewClean-[127.0.0.1:17602,org.jetbrains.kotlin.daemon.common.LoopbackNetworkInterface$ClientLoopbackSocketFactory@53016b23]" daemon [_thread_blocked, id=36384, stack(0x000000f7ee900000,0x000000f7eea00000) (1024K)]
  0x000002bcf629d500 JavaThread "Unconstrained build operations"        [_thread_blocked, id=36116, stack(0x000000f7ebf00000,0x000000f7ec000000) (1024K)]
  0x000002bcf629bf10 JavaThread "DisconnectableInputStream source reader" daemon [_thread_blocked, id=32688, stack(0x000000f7ec300000,0x000000f7ec400000) (1024K)]
  0x000002bcf6289340 JavaThread "RMI TCP Connection(idle)"   daemon [_thread_blocked, id=2736, stack(0x000000f7e7b00000,0x000000f7e7c00000) (1024K)]
Total: 85

Other Threads:
  0x000002bcebac3ef0 VMThread "VM Thread"                           [id=31020, stack(0x000000f7e8500000,0x000000f7e8600000) (1024K)]
  0x000002bcebab5460 WatcherThread "VM Periodic Task Thread"        [id=31756, stack(0x000000f7e8400000,0x000000f7e8500000) (1024K)]
  0x000002bccb258e80 WorkerThread "GC Thread#0"                     [id=12912, stack(0x000000f7e7f00000,0x000000f7e8000000) (1024K)]
  0x000002bcc602c130 WorkerThread "GC Thread#1"                     [id=20296, stack(0x000000f7e9600000,0x000000f7e9700000) (1024K)]
  0x000002bcc610a770 WorkerThread "GC Thread#2"                     [id=3984, stack(0x000000f7e9700000,0x000000f7e9800000) (1024K)]
  0x000002bcc610ab20 WorkerThread "GC Thread#3"                     [id=31688, stack(0x000000f7e9800000,0x000000f7e9900000) (1024K)]
  0x000002bcc6060b60 WorkerThread "GC Thread#4"                     [id=34048, stack(0x000000f7e9900000,0x000000f7e9a00000) (1024K)]
  0x000002bcc6060050 WorkerThread "GC Thread#5"                     [id=30120, stack(0x000000f7e9a00000,0x000000f7e9b00000) (1024K)]
  0x000002bcc6060f10 WorkerThread "GC Thread#6"                     [id=9692, stack(0x000000f7e9b00000,0x000000f7e9c00000) (1024K)]
  0x000002bcc605f8f0 WorkerThread "GC Thread#7"                     [id=26384, stack(0x000000f7e9c00000,0x000000f7e9d00000) (1024K)]
  0x000002bcc60612c0 WorkerThread "GC Thread#8"                     [id=34744, stack(0x000000f7e9d00000,0x000000f7e9e00000) (1024K)]
  0x000002bcc605fca0 WorkerThread "GC Thread#9"                     [id=12412, stack(0x000000f7e9e00000,0x000000f7e9f00000) (1024K)]
  0x000002bcc6060400 WorkerThread "GC Thread#10"                    [id=28312, stack(0x000000f7e9f00000,0x000000f7ea000000) (1024K)]
  0x000002bcc60607b0 WorkerThread "GC Thread#11"                    [id=32320, stack(0x000000f7ea000000,0x000000f7ea100000) (1024K)]
  0x000002bcc6076210 WorkerThread "GC Thread#12"                    [id=22332, stack(0x000000f7ea100000,0x000000f7ea200000) (1024K)]
  0x000002bcc6077830 WorkerThread "GC Thread#13"                    [id=21932, stack(0x000000f7ea200000,0x000000f7ea300000) (1024K)]
  0x000002bcc6077f90 WorkerThread "GC Thread#14"                    [id=31852, stack(0x000000f7ea300000,0x000000f7ea400000) (1024K)]
  0x000002bce87b2d00 ConcurrentGCThread "G1 Main Marker"            [id=29540, stack(0x000000f7e8000000,0x000000f7e8100000) (1024K)]
  0x000002bce87b35c0 WorkerThread "G1 Conc#0"                       [id=4872, stack(0x000000f7e8100000,0x000000f7e8200000) (1024K)]
  0x000002bcc6075ab0 WorkerThread "G1 Conc#1"                       [id=27668, stack(0x000000f7eb100000,0x000000f7eb200000) (1024K)]
  0x000002bcc60765c0 WorkerThread "G1 Conc#2"                       [id=26960, stack(0x000000f7eb200000,0x000000f7eb300000) (1024K)]
  0x000002bcc6076970 WorkerThread "G1 Conc#3"                       [id=1392, stack(0x000000f7eb300000,0x000000f7eb400000) (1024K)]
  0x000002bce8964040 ConcurrentGCThread "G1 Refine#0"               [id=16016, stack(0x000000f7e8200000,0x000000f7e8300000) (1024K)]
  0x000002bce8964970 ConcurrentGCThread "G1 Service"                [id=21432, stack(0x000000f7e8300000,0x000000f7e8400000) (1024K)]
Total: 24

Threads with active compile tasks:
Total: 0

VM state: not at safepoint (normal execution)

VM Mutex/Monitor currently owned by a thread: None

OutOfMemory and StackOverflow Exception counts:
StackOverflowErrors=5114
LinkageErrors=405

Heap address: 0x0000000700000000, size: 4096 MB, Compressed Oops mode: Zero based, Oop shift amount: 3

CDS archive(s) mapped at: [0x000002bc80000000-0x000002bc80d40000-0x000002bc80d40000), size 13893632, SharedBaseAddress: 0x000002bc80000000, ArchiveRelocationMode: 1.
Compressed class space mapped at: 0x000002bc81000000-0x000002bcc1000000, reserved size: 1073741824
UseCompressedClassPointers 1, UseCompactObjectHeaders 0
Narrow klass pointer bits 32, Max shift 3
Narrow klass base: 0x000002bc80000000, Narrow klass shift: 0
Encoding Range: [0x000002bc80000000 - 0x000002bd80000000), (4294967296 bytes)
Klass Range:    [0x000002bc80000000 - 0x000002bcc1000000), (1090519040 bytes)
Klass ID Range:  [8 - 1090519033) (1090519025)

GC Precious Log:
 CardTable entry size: 512
 Card Set container configuration: InlinePtr #cards 4 size 8 Array Of Cards #cards 16 size 48 Howl #buckets 8 coarsen threshold 3686 Howl Bitmap #cards 512 size 80 coarsen threshold 460 Card regions per heap region 1 cards per card region 4096
 CPUs: 20 total, 20 available
 Memory: 65379M
 Large Page Support: Disabled
 NUMA Support: Disabled
 Compressed Oops: Enabled (Zero based)
 Heap Region Size: 2M
 Heap Min Capacity: 8M
 Heap Initial Capacity: 1022M
 Heap Max Capacity: 4G
 Pre-touch: Disabled
 Parallel Workers: 15
 Concurrent Workers: 4
 Concurrent Refinement Workers: 15
 Periodic GC: Disabled

Heap:
 garbage-first heap   total reserved 4194304K, committed 440320K, used 349410K [0x0000000700000000, 0x0000000800000000)
  region size 2048K, 72 young (147456K), 7 survivors (14336K)
 Metaspace       used 179042K, committed 182080K, reserved 1245184K
  class space    used 21413K, committed 22848K, reserved 1048576K

Heap Regions: E=young(eden), S=young(survivor), O=old, HS=humongous(starts), HC=humongous(continues), CS=collection set, F=free, TAMS=top-at-mark-start, PB=parsable bottom
|   0|0x0000000700000000, 0x0000000700200000, 0x0000000700200000|100%|HS|  |TAMS 0x0000000700000000| PB 0x0000000700000000| Complete |  0
|   1|0x0000000700200000, 0x0000000700400000, 0x0000000700400000|100%|HC|  |TAMS 0x0000000700200000| PB 0x0000000700200000| Complete |  0
|   2|0x0000000700400000, 0x0000000700600000, 0x0000000700600000|100%|HS|  |TAMS 0x0000000700400000| PB 0x0000000700400000| Complete |  0
|   3|0x0000000700600000, 0x0000000700800000, 0x0000000700800000|100%|HC|  |TAMS 0x0000000700600000| PB 0x0000000700600000| Complete |  0
|   4|0x0000000700800000, 0x0000000700a00000, 0x0000000700a00000|100%|HC|  |TAMS 0x0000000700800000| PB 0x0000000700800000| Complete |  0
|   5|0x0000000700a00000, 0x0000000700c00000, 0x0000000700c00000|100%|HS|  |TAMS 0x0000000700a00000| PB 0x0000000700a00000| Complete |  0
|   6|0x0000000700c00000, 0x0000000700e00000, 0x0000000700e00000|100%| O|  |TAMS 0x0000000700c00000| PB 0x0000000700c00000| Untracked |  0
|   7|0x0000000700e00000, 0x0000000701000000, 0x0000000701000000|100%| O|  |TAMS 0x0000000700e00000| PB 0x0000000700e00000| Untracked |  0
|   8|0x0000000701000000, 0x0000000701200000, 0x0000000701200000|100%| O|  |TAMS 0x0000000701000000| PB 0x0000000701000000| Untracked |  0
|   9|0x0000000701200000, 0x0000000701400000, 0x0000000701400000|100%| O|  |TAMS 0x0000000701200000| PB 0x0000000701200000| Untracked |  0
|  10|0x0000000701400000, 0x0000000701600000, 0x0000000701600000|100%| O|  |TAMS 0x0000000701400000| PB 0x0000000701400000| Untracked |  0
|  11|0x0000000701600000, 0x0000000701800000, 0x0000000701800000|100%| O|  |TAMS 0x0000000701600000| PB 0x0000000701600000| Untracked |  0
|  12|0x0000000701800000, 0x0000000701a00000, 0x0000000701a00000|100%| O|  |TAMS 0x0000000701800000| PB 0x0000000701800000| Untracked |  0
|  13|0x0000000701a00000, 0x0000000701c00000, 0x0000000701c00000|100%| O|  |TAMS 0x0000000701a00000| PB 0x0000000701a00000| Untracked |  0
|  14|0x0000000701c00000, 0x0000000701e00000, 0x0000000701e00000|100%| O|  |TAMS 0x0000000701c00000| PB 0x0000000701c00000| Untracked |  0
|  15|0x0000000701e00000, 0x0000000702000000, 0x0000000702000000|100%| O|  |TAMS 0x0000000701e00000| PB 0x0000000701e00000| Untracked |  0
|  16|0x0000000702000000, 0x0000000702200000, 0x0000000702200000|100%| O|  |TAMS 0x0000000702000000| PB 0x0000000702000000| Untracked |  0
|  17|0x0000000702200000, 0x0000000702400000, 0x0000000702400000|100%| O|  |TAMS 0x0000000702200000| PB 0x0000000702200000| Untracked |  0
|  18|0x0000000702400000, 0x0000000702600000, 0x0000000702600000|100%| O|  |TAMS 0x0000000702400000| PB 0x0000000702400000| Untracked |  0
|  19|0x0000000702600000, 0x0000000702800000, 0x0000000702800000|100%| O|  |TAMS 0x0000000702600000| PB 0x0000000702600000| Untracked |  0
|  20|0x0000000702800000, 0x0000000702a00000, 0x0000000702a00000|100%| O|  |TAMS 0x0000000702800000| PB 0x0000000702800000| Untracked |  0
|  21|0x0000000702a00000, 0x0000000702c00000, 0x0000000702c00000|100%|HS|  |TAMS 0x0000000702a00000| PB 0x0000000702a00000| Complete |  0
|  22|0x0000000702c00000, 0x0000000702e00000, 0x0000000702e00000|100%| O|  |TAMS 0x0000000702c00000| PB 0x0000000702c00000| Untracked |  0
|  23|0x0000000702e00000, 0x0000000703000000, 0x0000000703000000|100%| O|  |TAMS 0x0000000702e00000| PB 0x0000000702e00000| Untracked |  0
|  24|0x0000000703000000, 0x0000000703200000, 0x0000000703200000|100%| O|  |TAMS 0x0000000703000000| PB 0x0000000703000000| Untracked |  0
|  25|0x0000000703200000, 0x0000000703200000, 0x0000000703400000|  0%| F|  |TAMS 0x0000000703200000| PB 0x0000000703200000| Untracked |  0
|  26|0x0000000703400000, 0x0000000703600000, 0x0000000703600000|100%| O|  |TAMS 0x0000000703400000| PB 0x0000000703400000| Untracked |  0
|  27|0x0000000703600000, 0x0000000703800000, 0x0000000703800000|100%| O|  |TAMS 0x0000000703600000| PB 0x0000000703600000| Untracked |  0
|  28|0x0000000703800000, 0x0000000703a00000, 0x0000000703a00000|100%|HS|  |TAMS 0x0000000703800000| PB 0x0000000703800000| Complete |  0
|  29|0x0000000703a00000, 0x0000000703c00000, 0x0000000703c00000|100%| O|Cm|TAMS 0x0000000703a00000| PB 0x0000000703a00000| Complete |  0
|  30|0x0000000703c00000, 0x0000000703e00000, 0x0000000703e00000|100%| O|  |TAMS 0x0000000703c00000| PB 0x0000000703c00000| Untracked |  0
|  31|0x0000000703e00000, 0x0000000704000000, 0x0000000704000000|100%| O|  |TAMS 0x0000000703e00000| PB 0x0000000703e00000| Untracked |  0
|  32|0x0000000704000000, 0x0000000704200000, 0x0000000704200000|100%| O|  |TAMS 0x0000000704000000| PB 0x0000000704000000| Untracked |  0
|  33|0x0000000704200000, 0x0000000704400000, 0x0000000704400000|100%| O|  |TAMS 0x0000000704200000| PB 0x0000000704200000| Untracked |  0
|  34|0x0000000704400000, 0x0000000704600000, 0x0000000704600000|100%| O|  |TAMS 0x0000000704400000| PB 0x0000000704400000| Untracked |  0
|  35|0x0000000704600000, 0x0000000704800000, 0x0000000704800000|100%| O|  |TAMS 0x0000000704600000| PB 0x0000000704600000| Untracked |  0
|  36|0x0000000704800000, 0x0000000704a00000, 0x0000000704a00000|100%| O|  |TAMS 0x0000000704800000| PB 0x0000000704800000| Untracked |  0
|  37|0x0000000704a00000, 0x0000000704c00000, 0x0000000704c00000|100%| O|  |TAMS 0x0000000704a00000| PB 0x0000000704a00000| Untracked |  0
|  38|0x0000000704c00000, 0x0000000704e00000, 0x0000000704e00000|100%| O|  |TAMS 0x0000000704c00000| PB 0x0000000704c00000| Untracked |  0
|  39|0x0000000704e00000, 0x0000000705000000, 0x0000000705000000|100%| O|  |TAMS 0x0000000704e00000| PB 0x0000000704e00000| Untracked |  0
|  40|0x0000000705000000, 0x0000000705200000, 0x0000000705200000|100%| O|  |TAMS 0x0000000705000000| PB 0x0000000705000000| Untracked |  0
|  41|0x0000000705200000, 0x0000000705400000, 0x0000000705400000|100%| O|  |TAMS 0x0000000705200000| PB 0x0000000705200000| Untracked |  0
|  42|0x0000000705400000, 0x0000000705600000, 0x0000000705600000|100%| O|  |TAMS 0x0000000705400000| PB 0x0000000705400000| Untracked |  0
|  43|0x0000000705600000, 0x0000000705800000, 0x0000000705800000|100%| O|  |TAMS 0x0000000705600000| PB 0x0000000705600000| Untracked |  0
|  44|0x0000000705800000, 0x0000000705800000, 0x0000000705a00000|  0%| F|  |TAMS 0x0000000705800000| PB 0x0000000705800000| Untracked |  0
|  45|0x0000000705a00000, 0x0000000705c00000, 0x0000000705c00000|100%| O|  |TAMS 0x0000000705a00000| PB 0x0000000705a00000| Untracked |  0
|  46|0x0000000705c00000, 0x0000000705e00000, 0x0000000705e00000|100%| O|  |TAMS 0x0000000705c00000| PB 0x0000000705c00000| Untracked |  0
|  47|0x0000000705e00000, 0x0000000706000000, 0x0000000706000000|100%| O|  |TAMS 0x0000000705e00000| PB 0x0000000705e00000| Untracked |  0
|  48|0x0000000706000000, 0x0000000706200000, 0x0000000706200000|100%| O|  |TAMS 0x0000000706000000| PB 0x0000000706000000| Untracked |  0
|  49|0x0000000706200000, 0x0000000706400000, 0x0000000706400000|100%| O|  |TAMS 0x0000000706200000| PB 0x0000000706200000| Untracked |  0
|  50|0x0000000706400000, 0x0000000706600000, 0x0000000706600000|100%| O|  |TAMS 0x0000000706400000| PB 0x0000000706400000| Untracked |  0
|  51|0x0000000706600000, 0x0000000706800000, 0x0000000706800000|100%| O|  |TAMS 0x0000000706600000| PB 0x0000000706600000| Untracked |  0
|  52|0x0000000706800000, 0x0000000706a00000, 0x0000000706a00000|100%| O|  |TAMS 0x0000000706800000| PB 0x0000000706800000| Untracked |  0
|  53|0x0000000706a00000, 0x0000000706c00000, 0x0000000706c00000|100%| O|Cm|TAMS 0x0000000706a00000| PB 0x0000000706a00000| Complete |  0
|  54|0x0000000706c00000, 0x0000000706e00000, 0x0000000706e00000|100%| O|  |TAMS 0x0000000706c00000| PB 0x0000000706c00000| Untracked |  0
|  55|0x0000000706e00000, 0x0000000707000000, 0x0000000707000000|100%| O|  |TAMS 0x0000000706e00000| PB 0x0000000706e00000| Untracked |  0
|  56|0x0000000707000000, 0x0000000707200000, 0x0000000707200000|100%| O|  |TAMS 0x0000000707000000| PB 0x0000000707000000| Untracked |  0
|  57|0x0000000707200000, 0x0000000707400000, 0x0000000707400000|100%| O|  |TAMS 0x0000000707200000| PB 0x0000000707200000| Untracked |  0
|  58|0x0000000707400000, 0x0000000707600000, 0x0000000707600000|100%| O|  |TAMS 0x0000000707400000| PB 0x0000000707400000| Untracked |  0
|  59|0x0000000707600000, 0x0000000707800000, 0x0000000707800000|100%| O|  |TAMS 0x0000000707600000| PB 0x0000000707600000| Untracked |  0
|  60|0x0000000707800000, 0x0000000707a00000, 0x0000000707a00000|100%| O|  |TAMS 0x0000000707800000| PB 0x0000000707800000| Untracked |  0
|  61|0x0000000707a00000, 0x0000000707c00000, 0x0000000707c00000|100%| O|  |TAMS 0x0000000707a00000| PB 0x0000000707a00000| Untracked |  0
|  62|0x0000000707c00000, 0x0000000707e00000, 0x0000000707e00000|100%| O|  |TAMS 0x0000000707c00000| PB 0x0000000707c00000| Untracked |  0
|  63|0x0000000707e00000, 0x0000000708000000, 0x0000000708000000|100%| O|  |TAMS 0x0000000707e00000| PB 0x0000000707e00000| Untracked |  0
|  64|0x0000000708000000, 0x0000000708200000, 0x0000000708200000|100%| O|  |TAMS 0x0000000708000000| PB 0x0000000708000000| Untracked |  0
|  65|0x0000000708200000, 0x0000000708400000, 0x0000000708400000|100%| O|  |TAMS 0x0000000708200000| PB 0x0000000708200000| Untracked |  0
|  66|0x0000000708400000, 0x0000000708600000, 0x0000000708600000|100%| O|  |TAMS 0x0000000708400000| PB 0x0000000708400000| Untracked |  0
|  67|0x0000000708600000, 0x0000000708800000, 0x0000000708800000|100%| O|  |TAMS 0x0000000708600000| PB 0x0000000708600000| Untracked |  0
|  68|0x0000000708800000, 0x0000000708a00000, 0x0000000708a00000|100%| O|  |TAMS 0x0000000708800000| PB 0x0000000708800000| Untracked |  0
|  69|0x0000000708a00000, 0x0000000708c00000, 0x0000000708c00000|100%| O|  |TAMS 0x0000000708a00000| PB 0x0000000708a00000| Untracked |  0
|  70|0x0000000708c00000, 0x0000000708e00000, 0x0000000708e00000|100%| O|  |TAMS 0x0000000708c00000| PB 0x0000000708c00000| Untracked |  0
|  71|0x0000000708e00000, 0x0000000709000000, 0x0000000709000000|100%|HS|  |TAMS 0x0000000708e00000| PB 0x0000000708e00000| Complete |  0
|  72|0x0000000709000000, 0x0000000709200000, 0x0000000709200000|100%| O|  |TAMS 0x0000000709000000| PB 0x0000000709000000| Untracked |  0
|  73|0x0000000709200000, 0x0000000709348530, 0x0000000709400000| 64%| O|  |TAMS 0x0000000709200000| PB 0x0000000709200000| Untracked |  0
|  74|0x0000000709400000, 0x0000000709400000, 0x0000000709600000|  0%| F|  |TAMS 0x0000000709400000| PB 0x0000000709400000| Untracked |  0
|  75|0x0000000709600000, 0x0000000709800000, 0x0000000709800000|100%| O|  |TAMS 0x0000000709600000| PB 0x0000000709600000| Untracked |  0
|  76|0x0000000709800000, 0x0000000709a00000, 0x0000000709a00000|100%|HS|  |TAMS 0x0000000709800000| PB 0x0000000709800000| Complete |  0
|  77|0x0000000709a00000, 0x0000000709c00000, 0x0000000709c00000|100%|HC|  |TAMS 0x0000000709a00000| PB 0x0000000709a00000| Complete |  0
|  78|0x0000000709c00000, 0x0000000709e00000, 0x0000000709e00000|100%| O|  |TAMS 0x0000000709c00000| PB 0x0000000709c00000| Untracked |  0
|  79|0x0000000709e00000, 0x0000000709e00000, 0x000000070a000000|  0%| F|  |TAMS 0x0000000709e00000| PB 0x0000000709e00000| Untracked |  0
|  80|0x000000070a000000, 0x000000070a000000, 0x000000070a200000|  0%| F|  |TAMS 0x000000070a000000| PB 0x000000070a000000| Untracked |  0
|  81|0x000000070a200000, 0x000000070a200000, 0x000000070a400000|  0%| F|  |TAMS 0x000000070a200000| PB 0x000000070a200000| Untracked |  0
|  82|0x000000070a400000, 0x000000070a400000, 0x000000070a600000|  0%| F|  |TAMS 0x000000070a400000| PB 0x000000070a400000| Untracked |  0
|  83|0x000000070a600000, 0x000000070a600000, 0x000000070a800000|  0%| F|  |TAMS 0x000000070a600000| PB 0x000000070a600000| Untracked |  0
|  84|0x000000070a800000, 0x000000070a800000, 0x000000070aa00000|  0%| F|  |TAMS 0x000000070a800000| PB 0x000000070a800000| Untracked |  0
|  85|0x000000070aa00000, 0x000000070abf03d0, 0x000000070ac00000| 96%| S|CS|TAMS 0x000000070aa00000| PB 0x000000070aa00000| Complete |  0
|  86|0x000000070ac00000, 0x000000070ae00000, 0x000000070ae00000|100%| S|CS|TAMS 0x000000070ac00000| PB 0x000000070ac00000| Complete |  0
|  87|0x000000070ae00000, 0x000000070b000000, 0x000000070b000000|100%| S|CS|TAMS 0x000000070ae00000| PB 0x000000070ae00000| Complete |  0
|  88|0x000000070b000000, 0x000000070b200000, 0x000000070b200000|100%| O|  |TAMS 0x000000070b000000| PB 0x000000070b000000| Untracked |  0
|  89|0x000000070b200000, 0x000000070b400000, 0x000000070b400000|100%| S|CS|TAMS 0x000000070b200000| PB 0x000000070b200000| Complete |  0
|  90|0x000000070b400000, 0x000000070b600000, 0x000000070b600000|100%| O|  |TAMS 0x000000070b400000| PB 0x000000070b400000| Untracked |  0
|  91|0x000000070b600000, 0x000000070b800000, 0x000000070b800000|100%| O|  |TAMS 0x000000070b600000| PB 0x000000070b600000| Untracked |  0
|  92|0x000000070b800000, 0x000000070ba00000, 0x000000070ba00000|100%| O|  |TAMS 0x000000070b800000| PB 0x000000070b800000| Untracked |  0
|  93|0x000000070ba00000, 0x000000070bc00000, 0x000000070bc00000|100%| O|Cm|TAMS 0x000000070ba00000| PB 0x000000070ba00000| Complete |  0
|  94|0x000000070bc00000, 0x000000070be00000, 0x000000070be00000|100%| S|CS|TAMS 0x000000070bc00000| PB 0x000000070bc00000| Complete |  0
|  95|0x000000070be00000, 0x000000070be00000, 0x000000070c000000|  0%| F|  |TAMS 0x000000070be00000| PB 0x000000070be00000| Untracked |  0
|  96|0x000000070c000000, 0x000000070c000000, 0x000000070c200000|  0%| F|  |TAMS 0x000000070c000000| PB 0x000000070c000000| Untracked |  0
|  97|0x000000070c200000, 0x000000070c200000, 0x000000070c400000|  0%| F|  |TAMS 0x000000070c200000| PB 0x000000070c200000| Untracked |  0
|  98|0x000000070c400000, 0x000000070c600000, 0x000000070c600000|100%| O|  |TAMS 0x000000070c400000| PB 0x000000070c400000| Untracked |  0
|  99|0x000000070c600000, 0x000000070c800000, 0x000000070c800000|100%| O|  |TAMS 0x000000070c600000| PB 0x000000070c600000| Untracked |  0
| 100|0x000000070c800000, 0x000000070ca00000, 0x000000070ca00000|100%| O|  |TAMS 0x000000070c800000| PB 0x000000070c800000| Untracked |  0
| 101|0x000000070ca00000, 0x000000070ca00000, 0x000000070cc00000|  0%| F|  |TAMS 0x000000070ca00000| PB 0x000000070ca00000| Untracked |  0
| 102|0x000000070cc00000, 0x000000070cc00000, 0x000000070ce00000|  0%| F|  |TAMS 0x000000070cc00000| PB 0x000000070cc00000| Untracked |  0
| 103|0x000000070ce00000, 0x000000070ce00000, 0x000000070d000000|  0%| F|  |TAMS 0x000000070ce00000| PB 0x000000070ce00000| Untracked |  0
| 104|0x000000070d000000, 0x000000070d200000, 0x000000070d200000|100%| S|CS|TAMS 0x000000070d000000| PB 0x000000070d000000| Complete |  0
| 105|0x000000070d200000, 0x000000070d400000, 0x000000070d400000|100%| O|  |TAMS 0x000000070d200000| PB 0x000000070d200000| Untracked |  0
| 106|0x000000070d400000, 0x000000070d600000, 0x000000070d600000|100%| O|  |TAMS 0x000000070d400000| PB 0x000000070d400000| Untracked |  0
| 107|0x000000070d600000, 0x000000070d800000, 0x000000070d800000|100%| O|  |TAMS 0x000000070d600000| PB 0x000000070d600000| Untracked |  0
| 108|0x000000070d800000, 0x000000070da00000, 0x000000070da00000|100%| O|  |TAMS 0x000000070d800000| PB 0x000000070d800000| Untracked |  0
| 109|0x000000070da00000, 0x000000070dc00000, 0x000000070dc00000|100%| O|  |TAMS 0x000000070da00000| PB 0x000000070da00000| Untracked |  0
| 110|0x000000070dc00000, 0x000000070de00000, 0x000000070de00000|100%| O|  |TAMS 0x000000070dc00000| PB 0x000000070dc00000| Untracked |  0
| 111|0x000000070de00000, 0x000000070e000000, 0x000000070e000000|100%| O|  |TAMS 0x000000070de00000| PB 0x000000070de00000| Untracked |  0
| 112|0x000000070e000000, 0x000000070e200000, 0x000000070e200000|100%| O|  |TAMS 0x000000070e000000| PB 0x000000070e000000| Untracked |  0
| 113|0x000000070e200000, 0x000000070e400000, 0x000000070e400000|100%| S|CS|TAMS 0x000000070e200000| PB 0x000000070e200000| Complete |  0
| 114|0x000000070e400000, 0x000000070e600000, 0x000000070e600000|100%| O|  |TAMS 0x000000070e400000| PB 0x000000070e400000| Untracked |  0
| 115|0x000000070e600000, 0x000000070e800000, 0x000000070e800000|100%| O|  |TAMS 0x000000070e600000| PB 0x000000070e600000| Untracked |  0
| 116|0x000000070e800000, 0x000000070ea00000, 0x000000070ea00000|100%| O|  |TAMS 0x000000070e800000| PB 0x000000070e800000| Untracked |  0
| 117|0x000000070ea00000, 0x000000070ec00000, 0x000000070ec00000|100%| O|  |TAMS 0x000000070ea00000| PB 0x000000070ea00000| Untracked |  0
| 118|0x000000070ec00000, 0x000000070ee00000, 0x000000070ee00000|100%| O|  |TAMS 0x000000070ec00000| PB 0x000000070ec00000| Untracked |  0
| 119|0x000000070ee00000, 0x000000070f000000, 0x000000070f000000|100%| O|  |TAMS 0x000000070ee00000| PB 0x000000070ee00000| Untracked |  0
| 120|0x000000070f000000, 0x000000070f000000, 0x000000070f200000|  0%| F|  |TAMS 0x000000070f000000| PB 0x000000070f000000| Untracked |  0
| 121|0x000000070f200000, 0x000000070f200000, 0x000000070f400000|  0%| F|  |TAMS 0x000000070f200000| PB 0x000000070f200000| Untracked |  0
| 122|0x000000070f400000, 0x000000070f600000, 0x000000070f600000|100%| O|  |TAMS 0x000000070f400000| PB 0x000000070f400000| Untracked |  0
| 123|0x000000070f600000, 0x000000070f600000, 0x000000070f800000|  0%| F|  |TAMS 0x000000070f600000| PB 0x000000070f600000| Untracked |  0
| 124|0x000000070f800000, 0x000000070f800000, 0x000000070fa00000|  0%| F|  |TAMS 0x000000070f800000| PB 0x000000070f800000| Untracked |  0
| 125|0x000000070fa00000, 0x000000070fa00000, 0x000000070fc00000|  0%| F|  |TAMS 0x000000070fa00000| PB 0x000000070fa00000| Untracked |  0
| 126|0x000000070fc00000, 0x000000070fc00000, 0x000000070fe00000|  0%| F|  |TAMS 0x000000070fc00000| PB 0x000000070fc00000| Untracked |  0
| 127|0x000000070fe00000, 0x000000070fe00000, 0x0000000710000000|  0%| F|  |TAMS 0x000000070fe00000| PB 0x000000070fe00000| Untracked |  0
| 128|0x0000000710000000, 0x0000000710000000, 0x0000000710200000|  0%| F|  |TAMS 0x0000000710000000| PB 0x0000000710000000| Untracked |  0
| 129|0x0000000710200000, 0x0000000710200000, 0x0000000710400000|  0%| F|  |TAMS 0x0000000710200000| PB 0x0000000710200000| Untracked |  0
| 130|0x0000000710400000, 0x0000000710400000, 0x0000000710600000|  0%| F|  |TAMS 0x0000000710400000| PB 0x0000000710400000| Untracked |  0
| 131|0x0000000710600000, 0x0000000710600000, 0x0000000710800000|  0%| F|  |TAMS 0x0000000710600000| PB 0x0000000710600000| Untracked |  0
| 132|0x0000000710800000, 0x0000000710800000, 0x0000000710a00000|  0%| F|  |TAMS 0x0000000710800000| PB 0x0000000710800000| Untracked |  0
| 133|0x0000000710a00000, 0x0000000710a00000, 0x0000000710c00000|  0%| F|  |TAMS 0x0000000710a00000| PB 0x0000000710a00000| Untracked |  0
| 134|0x0000000710c00000, 0x0000000710c00000, 0x0000000710e00000|  0%| F|  |TAMS 0x0000000710c00000| PB 0x0000000710c00000| Untracked |  0
| 135|0x0000000710e00000, 0x0000000710e00000, 0x0000000711000000|  0%| F|  |TAMS 0x0000000710e00000| PB 0x0000000710e00000| Untracked |  0
| 136|0x0000000711000000, 0x0000000711000000, 0x0000000711200000|  0%| F|  |TAMS 0x0000000711000000| PB 0x0000000711000000| Untracked |  0
| 137|0x0000000711200000, 0x0000000711200000, 0x0000000711400000|  0%| F|  |TAMS 0x0000000711200000| PB 0x0000000711200000| Untracked |  0
| 138|0x0000000711400000, 0x0000000711400000, 0x0000000711600000|  0%| F|  |TAMS 0x0000000711400000| PB 0x0000000711400000| Untracked |  0
| 139|0x0000000711600000, 0x0000000711600000, 0x0000000711800000|  0%| F|  |TAMS 0x0000000711600000| PB 0x0000000711600000| Untracked |  0
| 140|0x0000000711800000, 0x0000000711800000, 0x0000000711a00000|  0%| F|  |TAMS 0x0000000711800000| PB 0x0000000711800000| Untracked |  0
| 141|0x0000000711a00000, 0x0000000711a00000, 0x0000000711c00000|  0%| F|  |TAMS 0x0000000711a00000| PB 0x0000000711a00000| Untracked |  0
| 142|0x0000000711c00000, 0x0000000711c00000, 0x0000000711e00000|  0%| F|  |TAMS 0x0000000711c00000| PB 0x0000000711c00000| Untracked |  0
| 143|0x0000000711e00000, 0x0000000711e00000, 0x0000000712000000|  0%| F|  |TAMS 0x0000000711e00000| PB 0x0000000711e00000| Untracked |  0
| 144|0x0000000712000000, 0x0000000712000000, 0x0000000712200000|  0%| F|  |TAMS 0x0000000712000000| PB 0x0000000712000000| Untracked |  0
| 145|0x0000000712200000, 0x0000000712200000, 0x0000000712400000|  0%| F|  |TAMS 0x0000000712200000| PB 0x0000000712200000| Untracked |  0
| 146|0x0000000712400000, 0x0000000712400000, 0x0000000712600000|  0%| F|  |TAMS 0x0000000712400000| PB 0x0000000712400000| Untracked |  0
| 147|0x0000000712600000, 0x0000000712600000, 0x0000000712800000|  0%| F|  |TAMS 0x0000000712600000| PB 0x0000000712600000| Untracked |  0
| 148|0x0000000712800000, 0x00000007128f1dc8, 0x0000000712a00000| 47%| E|  |TAMS 0x0000000712800000| PB 0x0000000712800000| Complete |  0
| 149|0x0000000712a00000, 0x0000000712c00000, 0x0000000712c00000|100%| E|CS|TAMS 0x0000000712a00000| PB 0x0000000712a00000| Complete |  0
| 150|0x0000000712c00000, 0x0000000712e00000, 0x0000000712e00000|100%| E|CS|TAMS 0x0000000712c00000| PB 0x0000000712c00000| Complete |  0
| 151|0x0000000712e00000, 0x0000000713000000, 0x0000000713000000|100%| E|CS|TAMS 0x0000000712e00000| PB 0x0000000712e00000| Complete |  0
| 152|0x0000000713000000, 0x0000000713200000, 0x0000000713200000|100%| E|CS|TAMS 0x0000000713000000| PB 0x0000000713000000| Complete |  0
| 153|0x0000000713200000, 0x0000000713400000, 0x0000000713400000|100%| E|CS|TAMS 0x0000000713200000| PB 0x0000000713200000| Complete |  0
| 154|0x0000000713400000, 0x0000000713600000, 0x0000000713600000|100%| E|CS|TAMS 0x0000000713400000| PB 0x0000000713400000| Complete |  0
| 155|0x0000000713600000, 0x0000000713800000, 0x0000000713800000|100%| E|CS|TAMS 0x0000000713600000| PB 0x0000000713600000| Complete |  0
| 156|0x0000000713800000, 0x0000000713a00000, 0x0000000713a00000|100%| E|CS|TAMS 0x0000000713800000| PB 0x0000000713800000| Complete |  0
| 157|0x0000000713a00000, 0x0000000713c00000, 0x0000000713c00000|100%| E|CS|TAMS 0x0000000713a00000| PB 0x0000000713a00000| Complete |  0
| 158|0x0000000713c00000, 0x0000000713e00000, 0x0000000713e00000|100%| E|  |TAMS 0x0000000713c00000| PB 0x0000000713c00000| Complete |  0
| 159|0x0000000713e00000, 0x0000000714000000, 0x0000000714000000|100%| E|CS|TAMS 0x0000000713e00000| PB 0x0000000713e00000| Complete |  0
| 160|0x0000000714000000, 0x0000000714200000, 0x0000000714200000|100%| E|CS|TAMS 0x0000000714000000| PB 0x0000000714000000| Complete |  0
| 161|0x0000000714200000, 0x0000000714400000, 0x0000000714400000|100%| E|CS|TAMS 0x0000000714200000| PB 0x0000000714200000| Complete |  1
| 162|0x0000000714400000, 0x0000000714600000, 0x0000000714600000|100%| E|CS|TAMS 0x0000000714400000| PB 0x0000000714400000| Complete |  0
| 163|0x0000000714600000, 0x0000000714800000, 0x0000000714800000|100%| E|CS|TAMS 0x0000000714600000| PB 0x0000000714600000| Complete |  0
| 164|0x0000000714800000, 0x0000000714a00000, 0x0000000714a00000|100%| E|CS|TAMS 0x0000000714800000| PB 0x0000000714800000| Complete |  0
| 165|0x0000000714a00000, 0x0000000714c00000, 0x0000000714c00000|100%| E|CS|TAMS 0x0000000714a00000| PB 0x0000000714a00000| Complete |  0
| 166|0x0000000714c00000, 0x0000000714e00000, 0x0000000714e00000|100%| E|CS|TAMS 0x0000000714c00000| PB 0x0000000714c00000| Complete |  0
| 167|0x0000000714e00000, 0x0000000715000000, 0x0000000715000000|100%| E|CS|TAMS 0x0000000714e00000| PB 0x0000000714e00000| Complete |  0
| 168|0x0000000715000000, 0x0000000715200000, 0x0000000715200000|100%| E|CS|TAMS 0x0000000715000000| PB 0x0000000715000000| Complete |  0
| 169|0x0000000715200000, 0x0000000715400000, 0x0000000715400000|100%| E|CS|TAMS 0x0000000715200000| PB 0x0000000715200000| Complete |  0
| 170|0x0000000715400000, 0x0000000715600000, 0x0000000715600000|100%| E|CS|TAMS 0x0000000715400000| PB 0x0000000715400000| Complete |  0
| 171|0x0000000715600000, 0x0000000715800000, 0x0000000715800000|100%| E|CS|TAMS 0x0000000715600000| PB 0x0000000715600000| Complete |  0
| 172|0x0000000715800000, 0x0000000715a00000, 0x0000000715a00000|100%| E|CS|TAMS 0x0000000715800000| PB 0x0000000715800000| Complete |  0
| 173|0x0000000715a00000, 0x0000000715c00000, 0x0000000715c00000|100%| E|CS|TAMS 0x0000000715a00000| PB 0x0000000715a00000| Complete |  0
| 174|0x0000000715c00000, 0x0000000715e00000, 0x0000000715e00000|100%| E|CS|TAMS 0x0000000715c00000| PB 0x0000000715c00000| Complete |  0
| 175|0x0000000715e00000, 0x0000000716000000, 0x0000000716000000|100%| E|CS|TAMS 0x0000000715e00000| PB 0x0000000715e00000| Complete |  0
| 176|0x0000000716000000, 0x0000000716200000, 0x0000000716200000|100%| E|CS|TAMS 0x0000000716000000| PB 0x0000000716000000| Complete |  0
| 177|0x0000000716200000, 0x0000000716400000, 0x0000000716400000|100%| E|CS|TAMS 0x0000000716200000| PB 0x0000000716200000| Complete |  0
| 178|0x0000000716400000, 0x0000000716600000, 0x0000000716600000|100%| E|CS|TAMS 0x0000000716400000| PB 0x0000000716400000| Complete |  0
| 179|0x0000000716600000, 0x0000000716800000, 0x0000000716800000|100%| E|CS|TAMS 0x0000000716600000| PB 0x0000000716600000| Complete |  0
| 180|0x0000000716800000, 0x0000000716a00000, 0x0000000716a00000|100%| E|CS|TAMS 0x0000000716800000| PB 0x0000000716800000| Complete |  0
| 181|0x0000000716a00000, 0x0000000716c00000, 0x0000000716c00000|100%| E|CS|TAMS 0x0000000716a00000| PB 0x0000000716a00000| Complete |  0
| 182|0x0000000716c00000, 0x0000000716e00000, 0x0000000716e00000|100%| E|CS|TAMS 0x0000000716c00000| PB 0x0000000716c00000| Complete |  0
| 183|0x0000000716e00000, 0x0000000717000000, 0x0000000717000000|100%| E|CS|TAMS 0x0000000716e00000| PB 0x0000000716e00000| Complete |  0
| 184|0x0000000717000000, 0x0000000717200000, 0x0000000717200000|100%| E|CS|TAMS 0x0000000717000000| PB 0x0000000717000000| Complete |  0
| 185|0x0000000717200000, 0x0000000717400000, 0x0000000717400000|100%| E|CS|TAMS 0x0000000717200000| PB 0x0000000717200000| Complete |  0
| 186|0x0000000717400000, 0x0000000717600000, 0x0000000717600000|100%| E|CS|TAMS 0x0000000717400000| PB 0x0000000717400000| Complete |  0
| 187|0x0000000717600000, 0x0000000717800000, 0x0000000717800000|100%| E|CS|TAMS 0x0000000717600000| PB 0x0000000717600000| Complete |  0
| 188|0x0000000717800000, 0x0000000717a00000, 0x0000000717a00000|100%| E|CS|TAMS 0x0000000717800000| PB 0x0000000717800000| Complete |  0
| 189|0x0000000717a00000, 0x0000000717c00000, 0x0000000717c00000|100%| E|CS|TAMS 0x0000000717a00000| PB 0x0000000717a00000| Complete |  0
| 190|0x0000000717c00000, 0x0000000717e00000, 0x0000000717e00000|100%| E|CS|TAMS 0x0000000717c00000| PB 0x0000000717c00000| Complete |  0
| 191|0x0000000717e00000, 0x0000000718000000, 0x0000000718000000|100%| E|CS|TAMS 0x0000000717e00000| PB 0x0000000717e00000| Complete |  0
| 192|0x0000000718000000, 0x0000000718200000, 0x0000000718200000|100%| E|CS|TAMS 0x0000000718000000| PB 0x0000000718000000| Complete |  0
| 193|0x0000000718200000, 0x0000000718400000, 0x0000000718400000|100%| E|CS|TAMS 0x0000000718200000| PB 0x0000000718200000| Complete |  0
| 194|0x0000000718400000, 0x0000000718600000, 0x0000000718600000|100%| E|CS|TAMS 0x0000000718400000| PB 0x0000000718400000| Complete |  0
| 195|0x0000000718600000, 0x0000000718800000, 0x0000000718800000|100%| E|CS|TAMS 0x0000000718600000| PB 0x0000000718600000| Complete |  0
| 196|0x0000000718800000, 0x0000000718a00000, 0x0000000718a00000|100%| E|CS|TAMS 0x0000000718800000| PB 0x0000000718800000| Complete |  0
| 197|0x0000000718a00000, 0x0000000718c00000, 0x0000000718c00000|100%| E|CS|TAMS 0x0000000718a00000| PB 0x0000000718a00000| Complete |  0
| 198|0x0000000718c00000, 0x0000000718e00000, 0x0000000718e00000|100%| E|CS|TAMS 0x0000000718c00000| PB 0x0000000718c00000| Complete |  0
| 199|0x0000000718e00000, 0x0000000719000000, 0x0000000719000000|100%| E|CS|TAMS 0x0000000718e00000| PB 0x0000000718e00000| Complete |  0
| 200|0x0000000719000000, 0x0000000719200000, 0x0000000719200000|100%| E|CS|TAMS 0x0000000719000000| PB 0x0000000719000000| Complete |  0
| 201|0x0000000719200000, 0x0000000719400000, 0x0000000719400000|100%| E|CS|TAMS 0x0000000719200000| PB 0x0000000719200000| Complete |  0
| 202|0x0000000719400000, 0x0000000719600000, 0x0000000719600000|100%| E|CS|TAMS 0x0000000719400000| PB 0x0000000719400000| Complete |  0
| 203|0x0000000719600000, 0x0000000719800000, 0x0000000719800000|100%| E|CS|TAMS 0x0000000719600000| PB 0x0000000719600000| Complete |  0
| 204|0x0000000719800000, 0x0000000719a00000, 0x0000000719a00000|100%| E|CS|TAMS 0x0000000719800000| PB 0x0000000719800000| Complete |  0
| 205|0x0000000719a00000, 0x0000000719c00000, 0x0000000719c00000|100%| E|CS|TAMS 0x0000000719a00000| PB 0x0000000719a00000| Complete |  0
| 206|0x0000000719c00000, 0x0000000719e00000, 0x0000000719e00000|100%| E|CS|TAMS 0x0000000719c00000| PB 0x0000000719c00000| Complete |  0
| 428|0x0000000735800000, 0x0000000735a00000, 0x0000000735a00000|100%| E|CS|TAMS 0x0000000735800000| PB 0x0000000735800000| Complete |  0
| 510|0x000000073fc00000, 0x000000073fe00000, 0x000000073fe00000|100%| E|CS|TAMS 0x000000073fc00000| PB 0x000000073fc00000| Complete |  0
|2042|0x00000007ff400000, 0x00000007ff600000, 0x00000007ff600000|100%| E|CS|TAMS 0x00000007ff400000| PB 0x00000007ff400000| Complete |  0
|2043|0x00000007ff600000, 0x00000007ff800000, 0x00000007ff800000|100%| O|Cm|TAMS 0x00000007ff600000| PB 0x00000007ff600000| Complete |  0
|2044|0x00000007ff800000, 0x00000007ffa00000, 0x00000007ffa00000|100%| E|CS|TAMS 0x00000007ff800000| PB 0x00000007ff800000| Complete |  0
|2045|0x00000007ffa00000, 0x00000007ffc00000, 0x00000007ffc00000|100%| O|  |TAMS 0x00000007ffa00000| PB 0x00000007ffa00000| Untracked |  0
|2046|0x00000007ffc00000, 0x00000007ffe00000, 0x00000007ffe00000|100%| E|CS|TAMS 0x00000007ffc00000| PB 0x00000007ffc00000| Complete |  0
|2047|0x00000007ffe00000, 0x0000000800000000, 0x0000000800000000|100%| E|CS|TAMS 0x00000007ffe00000| PB 0x00000007ffe00000| Complete |  0

Card table byte_map: [0x000002bce3e60000,0x000002bce4660000] _byte_map_base: 0x000002bce0660000

Marking Bits: (CMBitMap*) 0x000002bccb2594a0
 Bits: [0x000002bce4660000, 0x000002bce8660000)

Polling page: 0x000002bcc8d80000

Metaspace:

Usage:
  Non-class:    153.93 MB used.
      Class:     20.91 MB used.
       Both:    174.85 MB used.

Virtual space:
  Non-class space:      192.00 MB reserved,     155.50 MB ( 81%) committed,  3 nodes.
      Class space:        1.00 GB reserved,      22.31 MB (  2%) committed,  1 nodes.
             Both:        1.19 GB reserved,     177.81 MB ( 15%) committed. 

Chunk freelists:
   Non-Class:  3.64 MB
       Class:  9.59 MB
        Both:  13.24 MB

MaxMetaspaceSize: unlimited
CompressedClassSpaceSize: 1.00 GB
Initial GC threshold: 21.00 MB
Current GC threshold: 287.94 MB
CDS: on
 - commit_granule_bytes: 65536.
 - commit_granule_words: 8192.
 - virtual_space_node_default_size: 8388608.
 - enlarge_chunks_in_place: 1.
UseCompressedClassPointers 1, UseCompactObjectHeaders 0
Narrow klass pointer bits 32, Max shift 3
Narrow klass base: 0x000002bc80000000, Narrow klass shift: 0
Encoding Range: [0x000002bc80000000 - 0x000002bd80000000), (4294967296 bytes)
Klass Range:    [0x000002bc80000000 - 0x000002bcc1000000), (1090519040 bytes)
Klass ID Range:  [8 - 1090519033) (1090519025)


Internal statistics:

num_allocs_failed_limit: 9.
num_arena_births: 5448.
num_arena_deaths: 106.
num_vsnodes_births: 4.
num_vsnodes_deaths: 0.
num_space_committed: 2844.
num_space_uncommitted: 0.
num_chunks_returned_to_freelist: 163.
num_chunks_taken_from_freelist: 13248.
num_chunk_merges: 45.
num_chunk_splits: 8853.
num_chunks_enlarged: 5941.
num_inconsistent_stats: 0.

CodeHeap 'non-profiled nmethods': size=119232Kb used=8060Kb max_used=14005Kb free=111171Kb
 bounds [0x000002bcdb620000, 0x000002bcdc3d0000, 0x000002bce2a90000]
CodeHeap 'profiled nmethods': size=119104Kb used=15171Kb max_used=31799Kb free=103932Kb
 bounds [0x000002bcd3a90000, 0x000002bcd59a0000, 0x000002bcdaee0000]
CodeHeap 'non-nmethods': size=7424Kb used=2918Kb max_used=4842Kb free=4505Kb
 bounds [0x000002bcdaee0000, 0x000002bcdb430000, 0x000002bcdb620000]
CodeCache: size=245760Kb, used=26149Kb, max_used=50646Kb, free=219608Kb
 total_blobs=13395, nmethods=12209, adapters=1089, full_count=0
Compilation: enabled, stopped_count=0, restarted_count=0

Compilation events (20 events):
Event: 1520.951 Thread 0x000002bcebb04120 55046   !   3       org.gradle.cache.internal.FileIntegrityViolationSuppressingObjectHolderDecorator::get (13 bytes)
Event: 1520.951 Thread 0x000002bcebb04120 nmethod 55046 0x000002bcd4ee1c88 code [0x000002bcd4ee1dc0, 0x000002bcd4ee1fe8]
Event: 1520.951 Thread 0x000002bcebb04120 55047       3       org.gradle.cache.internal.FileBackedObjectHolder::get (16 bytes)
Event: 1520.951 Thread 0x000002bcebb04120 nmethod 55047 0x000002bcd4ee1488 code [0x000002bcd4ee1600, 0x000002bcd4ee1bf0]
Event: 1520.951 Thread 0x000002bcebb04120 55048       3       org.gradle.cache.internal.FileBackedObjectHolder$$Lambda/0x000002bc8161f958::<init> (10 bytes)
Event: 1520.951 Thread 0x000002bcebb04120 nmethod 55048 0x000002bcd4ee1188 code [0x000002bcd4ee12a0, 0x000002bcd4ee1460]
Event: 1520.951 Thread 0x000002bcebb04120 55049       3       org.gradle.cache.internal.FileBackedObjectHolder$$Lambda/0x000002bc8161f958::get (8 bytes)
Event: 1520.951 Thread 0x000002bcebb04120 nmethod 55049 0x000002bcd4ee0e88 code [0x000002bcd4ee0fa0, 0x000002bcd4ee10e8]
Event: 1520.951 Thread 0x000002bcebb04120 55050       3       org.gradle.internal.remote.internal.inet.MultiChoiceAddress::hashCode (8 bytes)
Event: 1520.951 Thread 0x000002bcebb04120 nmethod 55050 0x000002bcd4ee0b08 code [0x000002bcd4ee0c20, 0x000002bcd4ee0e48]
Event: 1520.951 Thread 0x000002bcebb04120 55051   !   3       org.gradle.cache.internal.OnDemandFileAccess::readFile (51 bytes)
Event: 1520.952 Thread 0x000002bcebb04120 nmethod 55051 0x000002bcd4ee0208 code [0x000002bcd4ee03a0, 0x000002bcd4ee0a50]
Event: 1531.137 Thread 0x000002bcebb04120 55052   !   3       org.gradle.launcher.daemon.server.exec.LogToClient$AsynchronousLogDispatcher::run (62 bytes)
Event: 1531.137 Thread 0x000002bcebb04120 nmethod 55052 0x000002bcd4edf208 code [0x000002bcd4edf420, 0x000002bcd4ee0118]
Event: 1550.954 Thread 0x000002bcebb04120 55053       3       org.gradle.cache.internal.DefaultFileLockManager$DefaultFileLock$1::run (252 bytes)
Event: 1550.957 Thread 0x000002bcebb04120 nmethod 55053 0x000002bcd4edd008 code [0x000002bcd4edd340, 0x000002bcd4edf078]
Event: 1550.957 Thread 0x000002bcebb04120 55054       3       org.gradle.cache.internal.filelock.LockFileAccess::tryLockState (13 bytes)
Event: 1550.957 Thread 0x000002bcebb04120 nmethod 55054 0x000002bcd4edcd08 code [0x000002bcd4edce20, 0x000002bcd4edcf80]
Event: 1550.957 Thread 0x000002bcebb04120 55055   !   3       org.gradle.cache.internal.filelock.LockStateAccess::tryLock (33 bytes)
Event: 1550.958 Thread 0x000002bcebb04120 nmethod 55055 0x000002bcd4edc608 code [0x000002bcd4edc780, 0x000002bcd4edcc98]

GC Heap History (20 events):
Event: 1055.609 GC heap before
{Heap before GC invocations=120 (full 0):
 garbage-first heap   total reserved 4194304K, committed 440320K, used 411396K [0x0000000700000000, 0x0000000800000000)
  region size 2048K, 98 young (200704K), 1 survivors (2048K)
 Metaspace       used 172948K, committed 175936K, reserved 1245184K
  class space    used 20911K, committed 22336K, reserved 1048576K
}
Event: 1055.611 GC heap after
{Heap after GC invocations=121 (full 0):
 garbage-first heap   total reserved 4194304K, committed 440320K, used 213027K [0x0000000700000000, 0x0000000800000000)
  region size 2048K, 1 young (2048K), 1 survivors (2048K)
 Metaspace       used 172948K, committed 175936K, reserved 1245184K
  class space    used 20911K, committed 22336K, reserved 1048576K
}
Event: 1056.364 GC heap before
{Heap before GC invocations=121 (full 0):
 garbage-first heap   total reserved 4194304K, committed 440320K, used 411683K [0x0000000700000000, 0x0000000800000000)
  region size 2048K, 98 young (200704K), 1 survivors (2048K)
 Metaspace       used 172948K, committed 175936K, reserved 1245184K
  class space    used 20911K, committed 22336K, reserved 1048576K
}
Event: 1056.367 GC heap after
{Heap after GC invocations=122 (full 0):
 garbage-first heap   total reserved 4194304K, committed 440320K, used 208071K [0x0000000700000000, 0x0000000800000000)
  region size 2048K, 1 young (2048K), 1 survivors (2048K)
 Metaspace       used 172948K, committed 175936K, reserved 1245184K
  class space    used 20911K, committed 22336K, reserved 1048576K
}
Event: 1057.092 GC heap before
{Heap before GC invocations=122 (full 0):
 garbage-first heap   total reserved 4194304K, committed 440320K, used 410823K [0x0000000700000000, 0x0000000800000000)
  region size 2048K, 100 young (204800K), 1 survivors (2048K)
 Metaspace       used 172948K, committed 175936K, reserved 1245184K
  class space    used 20911K, committed 22336K, reserved 1048576K
}
Event: 1057.093 GC heap after
{Heap after GC invocations=123 (full 0):
 garbage-first heap   total reserved 4194304K, committed 440320K, used 208089K [0x0000000700000000, 0x0000000800000000)
  region size 2048K, 1 young (2048K), 1 survivors (2048K)
 Metaspace       used 172948K, committed 175936K, reserved 1245184K
  class space    used 20911K, committed 22336K, reserved 1048576K
}
Event: 1057.872 GC heap before
{Heap before GC invocations=124 (full 0):
 garbage-first heap   total reserved 4194304K, committed 440320K, used 410841K [0x0000000700000000, 0x0000000800000000)
  region size 2048K, 100 young (204800K), 1 survivors (2048K)
 Metaspace       used 172948K, committed 175936K, reserved 1245184K
  class space    used 20911K, committed 22336K, reserved 1048576K
}
Event: 1057.873 GC heap after
{Heap after GC invocations=125 (full 0):
 garbage-first heap   total reserved 4194304K, committed 440320K, used 208167K [0x0000000700000000, 0x0000000800000000)
  region size 2048K, 1 young (2048K), 1 survivors (2048K)
 Metaspace       used 172948K, committed 175936K, reserved 1245184K
  class space    used 20911K, committed 22336K, reserved 1048576K
}
Event: 1058.604 GC heap before
{Heap before GC invocations=125 (full 0):
 garbage-first heap   total reserved 4194304K, committed 440320K, used 410919K [0x0000000700000000, 0x0000000800000000)
  region size 2048K, 100 young (204800K), 1 survivors (2048K)
 Metaspace       used 172948K, committed 175936K, reserved 1245184K
  class space    used 20911K, committed 22336K, reserved 1048576K
}
Event: 1058.607 GC heap after
{Heap after GC invocations=126 (full 0):
 garbage-first heap   total reserved 4194304K, committed 440320K, used 204535K [0x0000000700000000, 0x0000000800000000)
  region size 2048K, 1 young (2048K), 1 survivors (2048K)
 Metaspace       used 172948K, committed 175936K, reserved 1245184K
  class space    used 20911K, committed 22336K, reserved 1048576K
}
Event: 1059.389 GC heap before
{Heap before GC invocations=126 (full 0):
 garbage-first heap   total reserved 4194304K, committed 440320K, used 411383K [0x0000000700000000, 0x0000000800000000)
  region size 2048K, 102 young (208896K), 1 survivors (2048K)
 Metaspace       used 172948K, committed 175936K, reserved 1245184K
  class space    used 20911K, committed 22336K, reserved 1048576K
}
Event: 1059.391 GC heap after
{Heap after GC invocations=127 (full 0):
 garbage-first heap   total reserved 4194304K, committed 440320K, used 204626K [0x0000000700000000, 0x0000000800000000)
  region size 2048K, 1 young (2048K), 1 survivors (2048K)
 Metaspace       used 172948K, committed 175936K, reserved 1245184K
  class space    used 20911K, committed 22336K, reserved 1048576K
}
Event: 1062.756 GC heap before
{Heap before GC invocations=128 (full 0):
 garbage-first heap   total reserved 4194304K, committed 440320K, used 411474K [0x0000000700000000, 0x0000000800000000)
  region size 2048K, 102 young (208896K), 1 survivors (2048K)
 Metaspace       used 172952K, committed 175936K, reserved 1245184K
  class space    used 20912K, committed 22336K, reserved 1048576K
}
Event: 1062.758 GC heap after
{Heap after GC invocations=129 (full 0):
 garbage-first heap   total reserved 4194304K, committed 440320K, used 205685K [0x0000000700000000, 0x0000000800000000)
  region size 2048K, 1 young (2048K), 1 survivors (2048K)
 Metaspace       used 172952K, committed 175936K, reserved 1245184K
  class space    used 20912K, committed 22336K, reserved 1048576K
}
Event: 1063.762 GC heap before
{Heap before GC invocations=129 (full 0):
 garbage-first heap   total reserved 4194304K, committed 440320K, used 410485K [0x0000000700000000, 0x0000000800000000)
  region size 2048K, 102 young (208896K), 1 survivors (2048K)
 Metaspace       used 173498K, committed 176512K, reserved 1245184K
  class space    used 20977K, committed 22400K, reserved 1048576K
}
Event: 1063.766 GC heap after
{Heap after GC invocations=130 (full 0):
 garbage-first heap   total reserved 4194304K, committed 440320K, used 212121K [0x0000000700000000, 0x0000000800000000)
  region size 2048K, 5 young (10240K), 5 survivors (10240K)
 Metaspace       used 173498K, committed 176512K, reserved 1245184K
  class space    used 20977K, committed 22400K, reserved 1048576K
}
Event: 1065.157 GC heap before
{Heap before GC invocations=130 (full 0):
 garbage-first heap   total reserved 4194304K, committed 440320K, used 402585K [0x0000000700000000, 0x0000000800000000)
  region size 2048K, 99 young (202752K), 5 survivors (10240K)
 Metaspace       used 173881K, committed 176896K, reserved 1245184K
  class space    used 21028K, committed 22464K, reserved 1048576K
}
Event: 1065.161 GC heap after
{Heap after GC invocations=131 (full 0):
 garbage-first heap   total reserved 4194304K, committed 440320K, used 213504K [0x0000000700000000, 0x0000000800000000)
  region size 2048K, 6 young (12288K), 6 survivors (12288K)
 Metaspace       used 173881K, committed 176896K, reserved 1245184K
  class space    used 21028K, committed 22464K, reserved 1048576K
}
Event: 1205.451 GC heap before
{Heap before GC invocations=132 (full 0):
 garbage-first heap   total reserved 4194304K, committed 440320K, used 399872K [0x0000000700000000, 0x0000000800000000)
  region size 2048K, 98 young (200704K), 6 survivors (12288K)
 Metaspace       used 174472K, committed 177472K, reserved 1245184K
  class space    used 21098K, committed 22528K, reserved 1048576K
}
Event: 1205.454 GC heap after
{Heap after GC invocations=133 (full 0):
 garbage-first heap   total reserved 4194304K, committed 440320K, used 216290K [0x0000000700000000, 0x0000000800000000)
  region size 2048K, 7 young (14336K), 7 survivors (14336K)
 Metaspace       used 174472K, committed 177472K, reserved 1245184K
  class space    used 21098K, committed 22528K, reserved 1048576K
}

Dll operation events (16 events):
Event: 0.008 Loaded shared library C:\Program Files\Java\jdk-24\bin\java.dll
Event: 0.024 Loaded shared library C:\Program Files\Java\jdk-24\bin\jsvml.dll
Event: 0.042 Loaded shared library C:\Program Files\Java\jdk-24\bin\zip.dll
Event: 0.045 Loaded shared library C:\Program Files\Java\jdk-24\bin\instrument.dll
Event: 0.047 Loaded shared library C:\Program Files\Java\jdk-24\bin\net.dll
Event: 0.047 Loaded shared library C:\Program Files\Java\jdk-24\bin\nio.dll
Event: 0.049 Loaded shared library C:\Program Files\Java\jdk-24\bin\zip.dll
Event: 0.162 Loaded shared library C:\Program Files\Java\jdk-24\bin\jimage.dll
Event: 0.221 Loaded shared library C:\Program Files\Java\jdk-24\bin\verify.dll
Event: 0.291 Loaded shared library C:\Users\bogda\.gradle\native\1def1411415f61bf3af743bc5b6707747c0891f09f0c88961ee8f79bc544acac\windows-amd64\native-platform.dll
Event: 0.299 Loaded shared library C:\Users\bogda\.gradle\native\0.2.7\x86_64-windows-gnu\gradle-fileevents.dll
Event: 0.755 Loaded shared library C:\Program Files\Java\jdk-24\bin\management.dll
Event: 0.758 Loaded shared library C:\Program Files\Java\jdk-24\bin\management_ext.dll
Event: 0.836 Loaded shared library C:\Program Files\Java\jdk-24\bin\extnet.dll
Event: 0.977 Loaded shared library C:\Program Files\Java\jdk-24\bin\sunmscapi.dll
Event: 212.821 Loaded shared library C:\Program Files\Java\jdk-24\bin\rmi.dll

Deoptimization events (20 events):
Event: 1414.209 Thread 0x000002bcf628e3b0 DEOPT PACKING pc=0x000002bcd4012727 sp=0x000000f7eb5fec30
Event: 1414.209 Thread 0x000002bcf628e3b0 DEOPT UNPACKING pc=0x000002bcdaf35722 sp=0x000000f7eb5fe1a0 mode 0
Event: 1414.349 Thread 0x000002bcf629d500 DEOPT PACKING pc=0x000002bcd41cfd31 sp=0x000000f7ebffb910
Event: 1414.349 Thread 0x000002bcf629d500 DEOPT UNPACKING pc=0x000002bcdaf35722 sp=0x000000f7ebffad78 mode 0
Event: 1414.352 Thread 0x000002bcf629d500 DEOPT PACKING pc=0x000002bcd41cfd31 sp=0x000000f7ebffb730
Event: 1414.352 Thread 0x000002bcf629d500 DEOPT UNPACKING pc=0x000002bcdaf35722 sp=0x000000f7ebffab98 mode 0
Event: 1414.356 Thread 0x000002bcf629d500 DEOPT PACKING pc=0x000002bcd41cfd31 sp=0x000000f7ebffb5a0
Event: 1414.356 Thread 0x000002bcf629d500 DEOPT UNPACKING pc=0x000002bcdaf35722 sp=0x000000f7ebffaa08 mode 0
Event: 1414.360 Thread 0x000002bcf629d500 DEOPT PACKING pc=0x000002bcd41cfd31 sp=0x000000f7ebffb3c0
Event: 1414.360 Thread 0x000002bcf629d500 DEOPT UNPACKING pc=0x000002bcdaf35722 sp=0x000000f7ebffa828 mode 0
Event: 1414.377 Thread 0x000002bcf629d500 DEOPT PACKING pc=0x000002bcd4199b1d sp=0x000000f7ebffd2c0
Event: 1414.377 Thread 0x000002bcf629d500 DEOPT UNPACKING pc=0x000002bcdaf35722 sp=0x000000f7ebffc7d8 mode 0
Event: 1414.378 Thread 0x000002bcf6291e30 Uncommon trap: trap_request=0xffffff4d fr.pc=0x000002bcdb8b0724 relative=0x0000000000000e04
Event: 1414.378 Thread 0x000002bcf6291e30 Uncommon trap: reason=unstable_if action=reinterpret pc=0x000002bcdb8b0724 method=com.google.common.collect.AbstractMapEntry.equals(Ljava/lang/Object;)Z @ 25 c2
Event: 1414.378 Thread 0x000002bcf6291e30 DEOPT PACKING pc=0x000002bcdb8b0724 sp=0x000000f7eccfcc10
Event: 1414.378 Thread 0x000002bcf6291e30 DEOPT UNPACKING pc=0x000002bcdaff8202 sp=0x000000f7eccfcae8 mode 2
Event: 1414.379 Thread 0x000002bcf6291e30 DEOPT PACKING pc=0x000002bcd47cc839 sp=0x000000f7eccfb750
Event: 1414.379 Thread 0x000002bcf6291e30 DEOPT UNPACKING pc=0x000002bcdaf35722 sp=0x000000f7eccfabb0 mode 0
Event: 1414.387 Thread 0x000002bcf629cdb0 DEOPT PACKING pc=0x000002bcd4199b1d sp=0x000000f7ee7fd490
Event: 1414.387 Thread 0x000002bcf629cdb0 DEOPT UNPACKING pc=0x000002bcdaf35722 sp=0x000000f7ee7fc9a8 mode 0

Classes loaded (20 events):
Event: 1050.433 Loading class java/lang/SystemBeanInfo
Event: 1050.433 Loading class java/lang/SystemBeanInfo done
Event: 1050.433 Loading class java/lang/SystemCustomizer
Event: 1050.433 Loading class java/lang/SystemCustomizer done
Event: 1050.434 Loading class java/lang/SystemCustomizer
Event: 1050.434 Loading class java/lang/SystemCustomizer done
Event: 1063.383 Loading class java/net/URLDecoder
Event: 1063.384 Loading class java/net/URLDecoder done
Event: 1063.628 Loading class java/util/zip/GZIPInputStream$1
Event: 1063.629 Loading class java/util/zip/GZIPInputStream$1 done
Event: 1064.038 Loading class java/util/CollectionsBeanInfo
Event: 1064.038 Loading class java/util/CollectionsBeanInfo done
Event: 1064.039 Loading class java/util/CollectionsBeanInfo
Event: 1064.039 Loading class java/util/CollectionsBeanInfo done
Event: 1064.039 Loading class java/util/CollectionsCustomizer
Event: 1064.039 Loading class java/util/CollectionsCustomizer done
Event: 1064.040 Loading class java/util/CollectionsCustomizer
Event: 1064.040 Loading class java/util/CollectionsCustomizer done
Event: 1205.682 Loading class java/lang/reflect/InaccessibleObjectException
Event: 1205.683 Loading class java/lang/reflect/InaccessibleObjectException done

Classes unloaded (20 events):
Event: 411.204 Thread 0x000002bcebac3ef0 Unloading class 0x000002bc82299400 'java/lang/invoke/LambdaForm$DMH+0x000002bc82299400'
Event: 411.204 Thread 0x000002bcebac3ef0 Unloading class 0x000002bc82299000 'java/lang/invoke/LambdaForm$DMH+0x000002bc82299000'
Event: 411.204 Thread 0x000002bcebac3ef0 Unloading class 0x000002bc82298c00 'java/lang/invoke/LambdaForm$DMH+0x000002bc82298c00'
Event: 411.204 Thread 0x000002bcebac3ef0 Unloading class 0x000002bc82298800 'java/lang/invoke/LambdaForm$DMH+0x000002bc82298800'
Event: 411.204 Thread 0x000002bcebac3ef0 Unloading class 0x000002bc82298400 'java/lang/invoke/LambdaForm$DMH+0x000002bc82298400'
Event: 411.204 Thread 0x000002bcebac3ef0 Unloading class 0x000002bc82298000 'java/lang/invoke/LambdaForm$DMH+0x000002bc82298000'
Event: 411.204 Thread 0x000002bcebac3ef0 Unloading class 0x000002bc82295800 'java/lang/invoke/LambdaForm$DMH+0x000002bc82295800'
Event: 411.204 Thread 0x000002bcebac3ef0 Unloading class 0x000002bc82295400 'java/lang/invoke/LambdaForm$DMH+0x000002bc82295400'
Event: 411.204 Thread 0x000002bcebac3ef0 Unloading class 0x000002bc82294c00 'java/lang/invoke/LambdaForm$DMH+0x000002bc82294c00'
Event: 411.204 Thread 0x000002bcebac3ef0 Unloading class 0x000002bc82295000 'java/lang/invoke/LambdaForm$DMH+0x000002bc82295000'
Event: 411.204 Thread 0x000002bcebac3ef0 Unloading class 0x000002bc82294800 'java/lang/invoke/LambdaForm$DMH+0x000002bc82294800'
Event: 411.204 Thread 0x000002bcebac3ef0 Unloading class 0x000002bc82294400 'java/lang/invoke/LambdaForm$DMH+0x000002bc82294400'
Event: 411.204 Thread 0x000002bcebac3ef0 Unloading class 0x000002bc821f0800 'java/lang/invoke/LambdaForm$DMH+0x000002bc821f0800'
Event: 411.204 Thread 0x000002bcebac3ef0 Unloading class 0x000002bc821f0400 'java/lang/invoke/LambdaForm$DMH+0x000002bc821f0400'
Event: 411.204 Thread 0x000002bcebac3ef0 Unloading class 0x000002bc821e1800 'java/lang/invoke/LambdaForm$DMH+0x000002bc821e1800'
Event: 411.204 Thread 0x000002bcebac3ef0 Unloading class 0x000002bc821e0c00 'java/lang/invoke/LambdaForm$DMH+0x000002bc821e0c00'
Event: 411.204 Thread 0x000002bcebac3ef0 Unloading class 0x000002bc821e0800 'java/lang/invoke/LambdaForm$DMH+0x000002bc821e0800'
Event: 411.204 Thread 0x000002bcebac3ef0 Unloading class 0x000002bc821e1000 'java/lang/invoke/LambdaForm$DMH+0x000002bc821e1000'
Event: 411.204 Thread 0x000002bcebac3ef0 Unloading class 0x000002bc821e1400 'java/lang/invoke/LambdaForm$DMH+0x000002bc821e1400'
Event: 411.204 Thread 0x000002bcebac3ef0 Unloading class 0x000002bc821e0400 'java/lang/invoke/LambdaForm$DMH+0x000002bc821e0400'

Classes redefined (0 events):
No events

Internal exceptions (20 events):
Event: 1412.581 Thread 0x000002bcc6d86dc0 StackOverflowError at 0x000002bcdbf95d30
Event: 1412.581 Thread 0x000002bcc6d86dc0 Exception <a 'java/lang/StackOverflowError'{0x0000000715fc6d88}> (0x0000000715fc6d88) 
thrown [s\open\src\hotspot\share\runtime\sharedRuntime.cpp, line 678]
Event: 1412.581 Thread 0x000002bcf628eb00 Exception <a 'sun/nio/fs/WindowsException'{0x0000000715a80f88}> (0x0000000715a80f88) 
thrown [s\open\src\hotspot\share\prims\jni.cpp, line 518]
Event: 1412.597 Thread 0x000002bcc6d86dc0 StackOverflowError at 0x000002bcdbf95d30
Event: 1412.597 Thread 0x000002bcc6d86dc0 Exception <a 'java/lang/StackOverflowError'{0x00000007158a8450}> (0x00000007158a8450) 
thrown [s\open\src\hotspot\share\runtime\sharedRuntime.cpp, line 678]
Event: 1412.618 Thread 0x000002bcf629eaf0 Exception <a 'java/lang/InterruptedException'{0x00000007155aee40}> (0x00000007155aee40) 
thrown [s\open\src\hotspot\share\runtime\objectMonitor.cpp, line 1871]
Event: 1414.278 Thread 0x000002bcc6d86dc0 StackOverflowError at 0x000002bcdbf95d30
Event: 1414.278 Thread 0x000002bcc6d86dc0 Exception <a 'java/lang/StackOverflowError'{0x00000007157b44b8}> (0x00000007157b44b8) 
thrown [s\open\src\hotspot\share\runtime\sharedRuntime.cpp, line 678]
Event: 1414.278 Thread 0x000002bcf6296000 Exception <a 'sun/nio/fs/WindowsException'{0x0000000714792238}> (0x0000000714792238) 
thrown [s\open\src\hotspot\share\prims\jni.cpp, line 518]
Event: 1414.278 Thread 0x000002bcf6296000 Exception <a 'sun/nio/fs/WindowsException'{0x0000000714794220}> (0x0000000714794220) 
thrown [s\open\src\hotspot\share\prims\jni.cpp, line 518]
Event: 1414.278 Thread 0x000002bcf6296000 Exception <a 'sun/nio/fs/WindowsException'{0x0000000714796198}> (0x0000000714796198) 
thrown [s\open\src\hotspot\share\prims\jni.cpp, line 518]
Event: 1414.278 Thread 0x000002bcf6296000 Exception <a 'sun/nio/fs/WindowsException'{0x0000000714797e18}> (0x0000000714797e18) 
thrown [s\open\src\hotspot\share\prims\jni.cpp, line 518]
Event: 1414.335 Thread 0x000002bcc6d86dc0 StackOverflowError at 0x000002bcdbf95d30
Event: 1414.335 Thread 0x000002bcc6d86dc0 Exception <a 'java/lang/StackOverflowError'{0x00000007144acc30}> (0x00000007144acc30) 
thrown [s\open\src\hotspot\share\runtime\sharedRuntime.cpp, line 678]
Event: 1414.379 Thread 0x000002bcc6d86dc0 StackOverflowError at 0x000002bcdbf95d30
Event: 1414.379 Thread 0x000002bcc6d86dc0 Exception <a 'java/lang/StackOverflowError'{0x0000000713e9f450}> (0x0000000713e9f450) 
thrown [s\open\src\hotspot\share\runtime\sharedRuntime.cpp, line 678]
Event: 1414.386 Thread 0x000002bcf6291e30 Exception <a 'sun/nio/fs/WindowsException'{0x0000000712d29398}> (0x0000000712d29398) 
thrown [s\open\src\hotspot\share\prims\jni.cpp, line 518]
Event: 1414.386 Thread 0x000002bcf6291e30 Exception <a 'sun/nio/fs/WindowsException'{0x0000000712d2b3d0}> (0x0000000712d2b3d0) 
thrown [s\open\src\hotspot\share\prims\jni.cpp, line 518]
Event: 1414.386 Thread 0x000002bcf6291e30 Exception <a 'sun/nio/fs/WindowsException'{0x0000000712d2d358}> (0x0000000712d2d358) 
thrown [s\open\src\hotspot\share\prims\jni.cpp, line 518]
Event: 1414.386 Thread 0x000002bcf6291e30 Exception <a 'sun/nio/fs/WindowsException'{0x0000000712d2f018}> (0x0000000712d2f018) 
thrown [s\open\src\hotspot\share\prims\jni.cpp, line 518]

VM Operations (20 events):
Event: 1065.236 Executing VM operation: G1PauseCleanup
Event: 1065.237 Executing VM operation: G1PauseCleanup done
Event: 1082.279 Executing VM operation: HandshakeAllThreads (HandshakeForDeflation)
Event: 1082.279 Executing VM operation: HandshakeAllThreads (HandshakeForDeflation) done
Event: 1082.279 Executing VM operation: RendezvousGCThreads
Event: 1082.279 Executing VM operation: RendezvousGCThreads done
Event: 1202.598 Executing VM operation: HandshakeAllThreads (HandshakeForDeflation)
Event: 1202.598 Executing VM operation: HandshakeAllThreads (HandshakeForDeflation) done
Event: 1202.598 Executing VM operation: RendezvousGCThreads
Event: 1202.598 Executing VM operation: RendezvousGCThreads done
Event: 1205.451 Executing VM operation: G1CollectForAllocation (G1 Evacuation Pause)
Event: 1205.454 Executing VM operation: G1CollectForAllocation (G1 Evacuation Pause) done
Event: 1262.720 Executing VM operation: HandshakeAllThreads (HandshakeForDeflation)
Event: 1262.720 Executing VM operation: HandshakeAllThreads (HandshakeForDeflation) done
Event: 1262.720 Executing VM operation: RendezvousGCThreads
Event: 1262.720 Executing VM operation: RendezvousGCThreads done
Event: 1443.081 Executing VM operation: HandshakeAllThreads (HandshakeForDeflation)
Event: 1443.081 Executing VM operation: HandshakeAllThreads (HandshakeForDeflation) done
Event: 1443.081 Executing VM operation: RendezvousGCThreads
Event: 1443.081 Executing VM operation: RendezvousGCThreads done

Memory protections (0 events):
No events

Nmethod flushes (20 events):
Event: 1059.442 Thread 0x000002bcebac3ef0 flushing  nmethod 0x000002bcd5990908
Event: 1059.442 Thread 0x000002bcebac3ef0 flushing  nmethod 0x000002bcd5990c08
Event: 1059.442 Thread 0x000002bcebac3ef0 flushing  nmethod 0x000002bcd5991308
Event: 1059.442 Thread 0x000002bcebac3ef0 flushing  nmethod 0x000002bcd5991788
Event: 1059.442 Thread 0x000002bcebac3ef0 flushing  nmethod 0x000002bcd5991b08
Event: 1059.442 Thread 0x000002bcebac3ef0 flushing  nmethod 0x000002bcd5991e08
Event: 1059.442 Thread 0x000002bcebac3ef0 flushing  nmethod 0x000002bcd5992108
Event: 1059.442 Thread 0x000002bcebac3ef0 flushing  nmethod 0x000002bcd5992508
Event: 1059.442 Thread 0x000002bcebac3ef0 flushing  nmethod 0x000002bcd5992d08
Event: 1059.442 Thread 0x000002bcebac3ef0 flushing  nmethod 0x000002bcd5993d88
Event: 1059.442 Thread 0x000002bcebac3ef0 flushing  nmethod 0x000002bcd5994688
Event: 1059.442 Thread 0x000002bcebac3ef0 flushing  nmethod 0x000002bcd5994a08
Event: 1059.442 Thread 0x000002bcebac3ef0 flushing  nmethod 0x000002bcd5994e08
Event: 1059.442 Thread 0x000002bcebac3ef0 flushing  nmethod 0x000002bcd5995188
Event: 1059.442 Thread 0x000002bcebac3ef0 flushing  nmethod 0x000002bcd5995508
Event: 1065.216 Thread 0x000002bcebac3ef0 flushing  nmethod 0x000002bcd48f9788
Event: 1065.216 Thread 0x000002bcebac3ef0 flushing  nmethod 0x000002bcd3f3e708
Event: 1065.216 Thread 0x000002bcebac3ef0 flushing  nmethod 0x000002bcd471fa88
Event: 1065.216 Thread 0x000002bcebac3ef0 flushing  nmethod 0x000002bcd4874c88
Event: 1065.216 Thread 0x000002bcebac3ef0 flushing  nmethod 0x000002bcd4875388

Events (20 events):
Event: 1414.072 Thread 0x000002bcc6ff3cf0 Thread exited: 0x000002bcc6ff3cf0
Event: 1414.279 Thread 0x000002bcebb04120 Thread added: 0x000002bcee0aa580
Event: 1414.279 Thread 0x000002bcebb04120 Thread added: 0x000002bcee0ae990
Event: 1414.279 Thread 0x000002bcebb04120 Thread added: 0x000002bcee0ab4a0
Event: 1414.334 Thread 0x000002bcf6291e30 Thread added: 0x000002bcf629d500
Event: 1414.349 Thread 0x000002bcee0aa580 Thread added: 0x000002bcee0b0f60
Event: 1414.359 Thread 0x000002bcee0aa580 Thread added: 0x000002bcee0b07d0
Event: 1414.392 Thread 0x000002bcedd89660 Thread added: 0x000002bcf629bf10
Event: 1415.218 Thread 0x000002bcee0b07d0 Thread exited: 0x000002bcee0b07d0
Event: 1415.218 Thread 0x000002bcee0b0f60 Thread exited: 0x000002bcee0b0f60
Event: 1415.218 Thread 0x000002bcee0ab4a0 Thread exited: 0x000002bcee0ab4a0
Event: 1415.228 Thread 0x000002bcee0ae990 Thread exited: 0x000002bcee0ae990
Event: 1415.228 Thread 0x000002bcc6ff4c10 Thread exited: 0x000002bcc6ff4c10
Event: 1415.228 Thread 0x000002bcc6ff3560 Thread exited: 0x000002bcc6ff3560
Event: 1415.754 Thread 0x000002bcee0aa580 Thread exited: 0x000002bcee0aa580
Event: 1472.317 Thread 0x000002bcf757d890 Thread exited: 0x000002bcf757d890
Event: 1472.487 Thread 0x000002bcf6289340 Thread exited: 0x000002bcf6289340
Event: 1472.511 Thread 0x000002bcf757a560 Thread exited: 0x000002bcf757a560
Event: 1502.628 Thread 0x000002bcf629b7c0 Thread exited: 0x000002bcf629b7c0
Event: 1502.781 Thread 0x000002bcf75954d0 Thread added: 0x000002bcf6289340


Dynamic libraries:
0x00007ff6625b0000 - 0x00007ff6625c0000 	C:\Program Files\Java\jdk-24\bin\java.exe
0x00007ffc65080000 - 0x00007ffc652e9000 	C:\WINDOWS\SYSTEM32\ntdll.dll
0x00007ffc647a0000 - 0x00007ffc64869000 	C:\WINDOWS\System32\KERNEL32.DLL
0x00007ffc62530000 - 0x00007ffc62923000 	C:\WINDOWS\System32\KERNELBASE.dll
0x00007ffc62c70000 - 0x00007ffc62dbb000 	C:\WINDOWS\System32\ucrtbase.dll
0x00007ffc3fb70000 - 0x00007ffc3fb86000 	C:\Program Files\Java\jdk-24\bin\jli.dll
0x00007ffc3b790000 - 0x00007ffc3b7ab000 	C:\Program Files\Java\jdk-24\bin\VCRUNTIME140.dll
0x00007ffc637e0000 - 0x00007ffc639a4000 	C:\WINDOWS\System32\USER32.dll
0x00007ffc471f0000 - 0x00007ffc47483000 	C:\WINDOWS\WinSxS\amd64_microsoft.windows.common-controls_6595b64144ccf1df_6.0.26100.5074_none_3e0d6f78e32fd63f\COMCTL32.dll
0x00007ffc62380000 - 0x00007ffc623a7000 	C:\WINDOWS\System32\win32u.dll
0x00007ffc64870000 - 0x00007ffc64919000 	C:\WINDOWS\System32\msvcrt.dll
0x00007ffc64e70000 - 0x00007ffc64e9b000 	C:\WINDOWS\System32\GDI32.dll
0x00007ffc62930000 - 0x00007ffc62a5d000 	C:\WINDOWS\System32\gdi32full.dll
0x00007ffc62b20000 - 0x00007ffc62bc3000 	C:\WINDOWS\System32\msvcp_win.dll
0x00007ffc644b0000 - 0x00007ffc644df000 	C:\WINDOWS\System32\IMM32.DLL
0x00007ffc44910000 - 0x00007ffc4491c000 	C:\Program Files\Java\jdk-24\bin\vcruntime140_1.dll
0x00007ffc21e30000 - 0x00007ffc21ebe000 	C:\Program Files\Java\jdk-24\bin\msvcp140.dll
0x00007ffbe7610000 - 0x00007ffbe83b1000 	C:\Program Files\Java\jdk-24\bin\server\jvm.dll
0x00007ffc64db0000 - 0x00007ffc64e64000 	C:\WINDOWS\System32\ADVAPI32.dll
0x00007ffc632a0000 - 0x00007ffc63346000 	C:\WINDOWS\System32\sechost.dll
0x00007ffc64390000 - 0x00007ffc644a8000 	C:\WINDOWS\System32\RPCRT4.dll
0x00007ffc64d30000 - 0x00007ffc64da4000 	C:\WINDOWS\System32\WS2_32.dll
0x00007ffc61b20000 - 0x00007ffc61b7e000 	C:\WINDOWS\SYSTEM32\POWRPROF.dll
0x00007ffc5fd50000 - 0x00007ffc5fd5b000 	C:\WINDOWS\SYSTEM32\VERSION.dll
0x00007ffc54370000 - 0x00007ffc543a5000 	C:\WINDOWS\SYSTEM32\WINMM.dll
0x00007ffc61b00000 - 0x00007ffc61b14000 	C:\WINDOWS\SYSTEM32\UMPDC.dll
0x00007ffc60fb0000 - 0x00007ffc60fcb000 	C:\WINDOWS\SYSTEM32\kernel.appcore.dll
0x00007ffc3f3d0000 - 0x00007ffc3f3da000 	C:\Program Files\Java\jdk-24\bin\jimage.dll
0x00007ffc51f20000 - 0x00007ffc52162000 	C:\WINDOWS\SYSTEM32\DBGHELP.DLL
0x00007ffc62ee0000 - 0x00007ffc6325b000 	C:\WINDOWS\System32\combase.dll
0x00007ffc64af0000 - 0x00007ffc64bc7000 	C:\WINDOWS\System32\OLEAUT32.dll
0x00007ffc2efe0000 - 0x00007ffc2f01d000 	C:\WINDOWS\SYSTEM32\dbgcore.DLL
0x00007ffc62bd0000 - 0x00007ffc62c69000 	C:\WINDOWS\System32\bcryptPrimitives.dll
0x00007ffc3c870000 - 0x00007ffc3c87f000 	C:\Program Files\Java\jdk-24\bin\instrument.dll
0x00007ffc37970000 - 0x00007ffc3798e000 	C:\Program Files\Java\jdk-24\bin\java.dll
0x00007ffc64ea0000 - 0x00007ffc65038000 	C:\WINDOWS\System32\ole32.dll
0x00007ffc639b0000 - 0x00007ffc640fd000 	C:\WINDOWS\System32\SHELL32.dll
0x00007ffc62210000 - 0x00007ffc6237c000 	C:\WINDOWS\System32\wintypes.dll
0x00007ffc5fe50000 - 0x00007ffc606a9000 	C:\WINDOWS\SYSTEM32\windows.storage.dll
0x00007ffc644f0000 - 0x00007ffc645e0000 	C:\WINDOWS\System32\SHCORE.dll
0x00007ffc64a80000 - 0x00007ffc64ae2000 	C:\WINDOWS\System32\shlwapi.dll
0x00007ffc62130000 - 0x00007ffc62159000 	C:\WINDOWS\SYSTEM32\profapi.dll
0x00007ffc21d50000 - 0x00007ffc21e27000 	C:\Program Files\Java\jdk-24\bin\jsvml.dll
0x00007ffc34e80000 - 0x00007ffc34e97000 	C:\Program Files\Java\jdk-24\bin\zip.dll
0x00007ffc370e0000 - 0x00007ffc370f0000 	C:\Program Files\Java\jdk-24\bin\net.dll
0x00007ffc61510000 - 0x00007ffc6157b000 	C:\WINDOWS\system32\mswsock.dll
0x00007ffc335f0000 - 0x00007ffc33606000 	C:\Program Files\Java\jdk-24\bin\nio.dll
0x00007ffc335e0000 - 0x00007ffc335f0000 	C:\Program Files\Java\jdk-24\bin\verify.dll
0x00007ffc33b10000 - 0x00007ffc33b37000 	C:\Users\bogda\.gradle\native\1def1411415f61bf3af743bc5b6707747c0891f09f0c88961ee8f79bc544acac\windows-amd64\native-platform.dll
0x00007ffc216c0000 - 0x00007ffc21738000 	C:\Users\bogda\.gradle\native\0.2.7\x86_64-windows-gnu\gradle-fileevents.dll
0x00007ffc33020000 - 0x00007ffc3302a000 	C:\Program Files\Java\jdk-24\bin\management.dll
0x00007ffc33010000 - 0x00007ffc3301b000 	C:\Program Files\Java\jdk-24\bin\management_ext.dll
0x00007ffc64bd0000 - 0x00007ffc64bd8000 	C:\WINDOWS\System32\PSAPI.DLL
0x00007ffc609b0000 - 0x00007ffc609e4000 	C:\WINDOWS\SYSTEM32\IPHLPAPI.DLL
0x00007ffc63260000 - 0x00007ffc6326a000 	C:\WINDOWS\System32\NSI.dll
0x00007ffc33000000 - 0x00007ffc33009000 	C:\Program Files\Java\jdk-24\bin\extnet.dll
0x00007ffc618e0000 - 0x00007ffc618fb000 	C:\WINDOWS\SYSTEM32\CRYPTSP.dll
0x00007ffc60f10000 - 0x00007ffc60f4b000 	C:\WINDOWS\system32\rsaenh.dll
0x00007ffc615b0000 - 0x00007ffc615db000 	C:\WINDOWS\SYSTEM32\USERENV.dll
0x00007ffc62100000 - 0x00007ffc62126000 	C:\WINDOWS\SYSTEM32\bcrypt.dll
0x00007ffc61740000 - 0x00007ffc6174c000 	C:\WINDOWS\SYSTEM32\CRYPTBASE.dll
0x00007ffc32c50000 - 0x00007ffc32c5e000 	C:\Program Files\Java\jdk-24\bin\sunmscapi.dll
0x00007ffc623b0000 - 0x00007ffc62527000 	C:\WINDOWS\System32\CRYPT32.dll
0x00007ffc61ac0000 - 0x00007ffc61af0000 	C:\WINDOWS\SYSTEM32\ncrypt.dll
0x00007ffc61a70000 - 0x00007ffc61aaf000 	C:\WINDOWS\SYSTEM32\NTASN1.dll
0x00007ffc59c20000 - 0x00007ffc59c28000 	C:\WINDOWS\system32\wshunix.dll
0x00007ffc60a40000 - 0x00007ffc60b66000 	C:\WINDOWS\SYSTEM32\DNSAPI.dll
0x00007ffc5a8a0000 - 0x00007ffc5a8ab000 	C:\Windows\System32\rasadhlp.dll
0x00007ffc597e0000 - 0x00007ffc59866000 	C:\WINDOWS\System32\fwpuclnt.dll
0x00007ffc41ab0000 - 0x00007ffc41ac8000 	C:\WINDOWS\system32\napinsp.dll
0x00007ffc32d60000 - 0x00007ffc32d72000 	C:\WINDOWS\System32\winrnr.dll
0x00007ffc46d80000 - 0x00007ffc46da8000 	C:\WINDOWS\system32\nlansp_c.dll
0x00007ffc5ad00000 - 0x00007ffc5ad16000 	C:\WINDOWS\system32\wshbth.dll
0x00007ffc37110000 - 0x00007ffc37117000 	C:\Program Files\Java\jdk-24\bin\rmi.dll

JVMTI agents:
C:\Users\bogda\.gradle\wrapper\dists\gradle-8.14.3-bin\cv11ve7ro1n3o1j4so8xd9n66\gradle-8.14.3\lib\agents\gradle-instrumentation-agent-8.14.3.jar path:C:\Program Files\Java\jdk-24\bin\instrument.dll, loaded, initialized, instrumentlib options:none

dbghelp: loaded successfully - version: 4.0.5 - missing functions: none
symbol engine: initialized successfully - sym options: 0x614 - pdb path: .;C:\Program Files\Java\jdk-24\bin;C:\WINDOWS\SYSTEM32;C:\WINDOWS\WinSxS\amd64_microsoft.windows.common-controls_6595b64144ccf1df_6.0.26100.5074_none_3e0d6f78e32fd63f;C:\Program Files\Java\jdk-24\bin\server;C:\Users\bogda\.gradle\native\1def1411415f61bf3af743bc5b6707747c0891f09f0c88961ee8f79bc544acac\windows-amd64;C:\Users\bogda\.gradle\native\0.2.7\x86_64-windows-gnu

VM Arguments:
jvm_args: --add-opens=java.base/java.lang=ALL-UNNAMED --add-opens=java.base/java.lang.invoke=ALL-UNNAMED --add-opens=java.base/java.util=ALL-UNNAMED --add-opens=java.prefs/java.util.prefs=ALL-UNNAMED --add-exports=jdk.compiler/com.sun.tools.javac.api=ALL-UNNAMED --add-exports=jdk.compiler/com.sun.tools.javac.util=ALL-UNNAMED --add-opens=java.base/java.util=ALL-UNNAMED --add-opens=java.prefs/java.util.prefs=ALL-UNNAMED --add-opens=java.base/java.nio.charset=ALL-UNNAMED --add-opens=java.base/java.net=ALL-UNNAMED --add-opens=java.base/java.util.concurrent.atomic=ALL-UNNAMED --add-opens=java.xml/javax.xml.namespace=ALL-UNNAMED --enable-native-access=ALL-UNNAMED -Xmx4096M -Dfile.encoding=UTF-8 -Duser.country=US -Duser.language=en -Duser.variant -javaagent:C:\Users\bogda\.gradle\wrapper\dists\gradle-8.14.3-bin\cv11ve7ro1n3o1j4so8xd9n66\gradle-8.14.3\lib\agents\gradle-instrumentation-agent-8.14.3.jar 
java_command: org.gradle.launcher.daemon.bootstrap.GradleDaemon 8.14.3
java_class_path (initial): C:\Users\bogda\.gradle\wrapper\dists\gradle-8.14.3-bin\cv11ve7ro1n3o1j4so8xd9n66\gradle-8.14.3\lib\gradle-daemon-main-8.14.3.jar
Launcher Type: SUN_STANDARD

[Global flags]
     intx CICompilerCount                          = 12                                        {product} {ergonomic}
     uint ConcGCThreads                            = 4                                         {product} {ergonomic}
     uint G1ConcRefinementThreads                  = 15                                        {product} {ergonomic}
   size_t G1HeapRegionSize                         = 2097152                                   {product} {ergonomic}
   size_t InitialHeapSize                          = 1071644672                                {product} {ergonomic}
   size_t MarkStackSize                            = 4194304                                   {product} {ergonomic}
   size_t MarkStackSizeMax                         = 536870912                                 {product} {ergonomic}
   size_t MaxHeapSize                              = 4294967296                                {product} {command line}
   size_t MaxNewSize                               = 2575302656                                {product} {ergonomic}
   size_t MinHeapDeltaBytes                        = 2097152                                   {product} {ergonomic}
   size_t MinHeapSize                              = 8388608                                   {product} {ergonomic}
    uintx NonNMethodCodeHeapSize                   = 7602176                                {pd product} {ergonomic}
    uintx NonProfiledCodeHeapSize                  = 122093568                              {pd product} {ergonomic}
    uintx ProfiledCodeHeapSize                     = 121962496                              {pd product} {ergonomic}
    uintx ReservedCodeCacheSize                    = 251658240                              {pd product} {ergonomic}
     bool SegmentedCodeCache                       = true                                      {product} {ergonomic}
   size_t SoftMaxHeapSize                          = 4294967296                             {manageable} {ergonomic}
     bool UseCompressedOops                        = true                           {product lp64_product} {ergonomic}
     bool UseG1GC                                  = true                                      {product} {ergonomic}
     bool UseLargePagesIndividualAllocation        = false                                  {pd product} {ergonomic}

Logging:
Log output configuration:
 #0: stdout all=warning uptime,level,tags foldmultilines=false
 #1: stderr all=off uptime,level,tags foldmultilines=false

Environment Variables:
PATH=C:\Program Files\Common Files\Oracle\Java\javapath;C:\Program Files (x86)\Common Files\Oracle\Java\javapath;C:\WINDOWS\system32;C:\WINDOWS;C:\WINDOWS\System32\Wbem;C:\WINDOWS\System32\WindowsPowerShell\v1.0\;C:\WINDOWS\System32\OpenSSH\;C:\Program Files\dotnet\;C:\Program Files (x86)\NVIDIA Corporation\PhysX\Common;C:\Program Files\Git\cmd;C:\Program Files\nodejs\;C:\Program Files\NVIDIA Corporation\NVIDIA app\NvDLISR;C:\Users\bogda\AppData\Local\Programs\Python\Python311;C:\ffmpeg\bin;C:\Program Files (x86)\Windows Kits\10\Windows Performance Toolkit\;C:\Program Files (x86)\Microsoft SQL Server\160\Tools\Binn\;C:\Program Files\Microsoft SQL Server\160\Tools\Binn\;C:\Program Files\Microsoft SQL Server\Client SDK\ODBC\170\Tools\Binn\;C:\Program Files\Microsoft SQL Server\160\DTS\Binn\;C:\Program Files\Microsoft SQL Server\170\DTS\Binn\;C:\Users\bogda\AppData\Local\Programs\Python\Python310\Scripts\;C:\Users\bogda\AppData\Local\Programs\Python\Python310\;C:\Users\bogda\AppData\Local\Microsoft\WindowsApps;C:\Users\bogda\AppData\Local\Programs\Microsoft VS Code\bin;C:\Program Files\NASM;C:\Program Files\Microsoft Visual Studio\2022\Community\VC\Tools\MSVC\14.39.33519\bin\Hostx64\x86;;C:\Program Files\JetBrains\IntelliJ IDEA Community Edition 2023.3.6\bin;;C:\Users\bogda\AppData\Roaming\npm;C:\Program Files\JetBrains\WebStorm 2024.1.5\bin;;C:\Users\bogda\.dotnet\tools;C:\Users\bogda\AppData\Local\JetBrains\JetBrains Rider 2025.1.4\bin;
USERNAME=bogda
OS=Windows_NT
PROCESSOR_IDENTIFIER=Intel64 Family 6 Model 183 Stepping 1, GenuineIntel
TMP=E:\Temp
TEMP=E:\Temp




Periodic native trim disabled

---------------  S Y S T E M  ---------------

OS:
 Windows 11 , 64 bit Build 26100 (10.0.26100.5074)
OS uptime: 0 days 1:47 hours
Hyper-V role detected

CPU: total 20 (initial active 20) (10 cores per cpu, 2 threads per core) family 6 model 183 stepping 1 microcode 0x119, cx8, cmov, fxsr, ht, mmx, 3dnowpref, sse, sse2, sse3, ssse3, sse4.1, sse4.2, popcnt, lzcnt, tsc, tscinvbit, avx, avx2, aes, erms, clmul, bmi1, bmi2, adx, sha, fma, vzeroupper, clflush, clflushopt, clwb, hv, serialize, rdtscp, rdpid, fsrm, gfni, f16c, cet_ibt, cet_ss
Processor Information for processor 0
  Max Mhz: 3500, Current Mhz: 3500, Mhz Limit: 3500
Processor Information for processor 1
  Max Mhz: 3500, Current Mhz: 3500, Mhz Limit: 3500
Processor Information for processor 2
  Max Mhz: 3500, Current Mhz: 3500, Mhz Limit: 3500
Processor Information for processor 3
  Max Mhz: 3500, Current Mhz: 3500, Mhz Limit: 3500
Processor Information for processor 4
  Max Mhz: 3500, Current Mhz: 3500, Mhz Limit: 3500
Processor Information for processor 5
  Max Mhz: 3500, Current Mhz: 3500, Mhz Limit: 3500
Processor Information for processor 6
  Max Mhz: 3500, Current Mhz: 3500, Mhz Limit: 3500
Processor Information for processor 7
  Max Mhz: 3500, Current Mhz: 3500, Mhz Limit: 3500
Processor Information for processor 8
  Max Mhz: 3500, Current Mhz: 3500, Mhz Limit: 3500
Processor Information for processor 9
  Max Mhz: 3500, Current Mhz: 3500, Mhz Limit: 3500
Processor Information for processor 10
  Max Mhz: 3500, Current Mhz: 3500, Mhz Limit: 3500
Processor Information for processor 11
  Max Mhz: 3500, Current Mhz: 3500, Mhz Limit: 3500
Processor Information for processor 12
  Max Mhz: 3500, Current Mhz: 2600, Mhz Limit: 2590
Processor Information for processor 13
  Max Mhz: 3500, Current Mhz: 2600, Mhz Limit: 2590
Processor Information for processor 14
  Max Mhz: 3500, Current Mhz: 2600, Mhz Limit: 2590
Processor Information for processor 15
  Max Mhz: 3500, Current Mhz: 2600, Mhz Limit: 2590
Processor Information for processor 16
  Max Mhz: 3500, Current Mhz: 2600, Mhz Limit: 2590
Processor Information for processor 17
  Max Mhz: 3500, Current Mhz: 2600, Mhz Limit: 2590
Processor Information for processor 18
  Max Mhz: 3500, Current Mhz: 2600, Mhz Limit: 2590
Processor Information for processor 19
  Max Mhz: 3500, Current Mhz: 2600, Mhz Limit: 2590

Memory: 4k page, system-wide physical 65379M (41655M free)
TotalPageFile size 77667M (AvailPageFile size 47189M)
current process WorkingSet (physical memory assigned to process): 1049M, peak: 1085M
current process commit charge ("private bytes"): 1101M, peak: 1256M

vm_info: Java HotSpot(TM) 64-Bit Server VM (24.0.2+12-54) for windows-amd64 JRE (24.0.2+12-54), built on 2025-07-08T12:10:27Z with MS VC++ 17.6 (VS2022)

END.
